emp_no,first_name,last_name,title,to_date
10095,Hilari,Morton,Staff,2000-03-09
10122,Ohad,Esposito,Technique Leader,1999-01-01
10291,Dipayan,Seghrouchni,Senior Staff,1999-01-01
10410,Takahito,Gecsei,Staff,1996-07-21
10476,Kokou,Iisaka,Senior Staff,1999-01-01
10480,Make,Baba,Staff,1989-06-03
10663,Teunis,Noriega,Technique Leader,1999-01-01
10762,Lech,Himler,Staff,1999-01-21
10933,Juyoung,Seghrouchni,Senior Engineer,1999-01-01
11015,Jeanna,Riesenhuber,Senior Staff,2000-02-22
11126,Hideo,Daescu,Senior Staff,2002-04-04
11157,Mario,Cochrane,Engineer,1991-02-06
11432,Yongmao,Zwicker,Senior Engineer,1997-09-13
12155,Keiichiro,Glinert,Engineer,2001-09-16
12408,Rasiah,Sudkamp,Senior Engineer,1999-01-01
12643,Morrie,Schurmann,Staff,1999-01-01
13499,Kazuhiko,Sidou,Technique Leader,1999-01-01
13957,Angus,Chelton,Senior Engineer,1987-02-02
14075,Denny,Tchuente,Engineer,1999-01-01
14104,Sudhanshu,Demian,Staff,1999-07-23
14127,Magdalena,Cannard,Engineer,2002-04-22
14158,Caolyn,Setiz,Senior Staff,1999-01-01
14476,Sastry,Marrevee,Engineer,1999-01-01
14551,Richard,Sinitsyn,Senior Staff,1993-09-16
14907,Nakhoon,Luga,Senior Staff,1999-01-01
15050,Nikolaos,Kruskal,Senior Engineer,1999-01-01
15058,Bouchung,Bugrara,Senior Staff,1999-01-01
15376,Geoff,Soicher,Senior Staff,2001-03-01
15413,Arvin,Rabejac,Engineer,2002-01-01
16461,Remmert,Schahn,Senior Staff,1999-01-01
16528,Gaurav,Swick,Assistant Engineer,2001-05-07
17013,Morris,Garigliano,Staff,2000-05-23
17206,Berry,DeMori,Senior Engineer,1999-01-01
17369,Yaghout,Kenevan,Senior Engineer,1999-01-01
17447,Zengping,Boreale,Staff,1999-01-01
17618,Teiji,Picco,Staff,1999-11-08
17731,Gennady,Roison,Engineer,1999-01-01
17799,Gro,Gini,Engineer,2001-07-11
17970,Filipp,Carrere,Technique Leader,1999-01-01
17988,Mabhin,Calkin,Senior Engineer,1999-01-01
18021,Adil,Matzke,Senior Engineer,1999-01-01
18187,Denis,Falster,Staff,1999-06-03
18424,Filipp,Rousseau,Engineer,2002-06-07
18583,Stafford,Honglei,Staff,1999-01-01
18617,Surveyors,Crouzet,Senior Staff,1999-01-01
18810,Taiji,Jarecki,Engineer,1999-06-27
19236,Elzbieta,Morris,Senior Engineer,1999-01-01
19350,Satoru,Yoshizawa,Staff,1999-03-27
19803,Ziva,Kowalchuk,Senior Engineer,1999-01-01
20100,Utz,Heuter,Senior Staff,1999-01-01
20128,Kazunori,Peak,Senior Staff,1999-01-01
20129,Rafael,Skafidas,Engineer,2000-03-27
20248,Vidar,Demri,Staff,1999-01-01
20313,Candida,Benveniste,Engineer,1999-01-01
20500,Christoph,Trystram,Senior Staff,1999-01-01
20712,Valeri,Escriba,Engineer,1998-05-02
20720,Heejo,Brodie,Senior Staff,1997-05-17
20885,Otmar,Rothenberg,Senior Engineer,1999-01-01
21181,Jianhui,Cangellaris,Assistant Engineer,1999-10-06
21188,Piyush,Danecki,Engineer,1999-01-01
21534,Alagu,Luders,Staff,1997-12-14
21546,Yongmin,Lanteri,Senior Staff,1999-01-01
21843,Karsten,Azadmanesh,Senior Engineer,1999-01-01
21909,Mohammed,Brizzi,Senior Staff,1999-01-01
22027,Sangeeta,Georg,Staff,1998-03-14
22185,Huai,Birch,Assistant Engineer,2002-03-26
22415,Perla,Jumpertz,Senior Staff,1999-01-01
22451,Jasminko,Bresenham,Senior Staff,1999-01-01
22455,Barry,Unno,Staff,1999-11-16
22502,Rutger,Binkley,Senior Engineer,2001-11-02
22926,Manibrata,Genther,Senior Engineer,1999-01-01
23396,Hilari,Fairtlough,Technique Leader,1999-01-01
24080,Jaana,Perez,Technique Leader,1999-01-01
24189,Abdelaziz,Atrawala,Staff,1997-02-23
24205,Roddy,Rubsam,Senior Engineer,1999-01-01
24377,Lubomir,Wroclawski,Engineer,2000-07-25
24394,Zhonghui,Conta,Staff,1999-01-01
24421,Dannz,Grospietsch,Senior Engineer,2000-10-12
24553,Anwar,Passafiume,Senior Staff,1999-01-01
24571,Cordelia,Gischer,Senior Engineer,1999-01-01
25488,Ingmar,Basawa,Senior Staff,1999-01-01
26476,Bilhanan,Karcich,Staff,1997-02-04
26503,Shietung,Billingsley,Senior Staff,1998-12-02
26617,Berto,Bruckman,Engineer,1994-03-27
26629,Nevin,Rodham,Senior Staff,1999-01-01
26671,Jiakeng,Kalorkoti,Engineer,2001-12-25
26788,Zongyan,Dalphin,Senior Engineer,1999-01-01
27150,Chenyi,Plump,Staff,1995-05-22
27331,Wanqing,Krohm,Staff,1999-01-22
27378,Piyawadee,Leppanen,Senior Staff,1999-01-01
27620,Shuji,Kandlur,Senior Engineer,1999-01-01
27686,Manu,Rosiles,Senior Staff,1999-01-01
27699,Falguni,Pezzoli,Engineer,1999-01-01
27767,Tooru,Veldwijk,Staff,2000-11-21
27970,KayLiang,Miyakawa,Technique Leader,2000-02-07
28193,Xinglin,Mitsuhashi,Senior Engineer,1999-01-01
28222,Mayuko,Vitiello,Technique Leader,1995-10-16
28974,Chenxi,Sundgren,Senior Engineer,1999-01-01
28988,Tua,Giveon,Technique Leader,1999-01-01
29130,Xumin,Thorensen,Staff,1999-01-01
29265,Gilbert,Calkin,Senior Staff,1999-01-01
29380,Satoru,Vidal,Assistant Engineer,1999-01-01
29418,Valery,Mersereau,Assistant Engineer,1999-01-01
29679,Kolar,Steenbeek,Senior Engineer,1999-01-01
29782,Jouko,Hellwagner,Senior Engineer,1999-01-01
29954,Pranay,Giarratana,Senior Engineer,1999-01-01
30007,Kousuke,Vecchio,Engineer,1999-02-23
30035,Tetsushi,Conta,Senior Staff,1999-01-01
30154,Mayuko,Skafidas,Technique Leader,1999-01-01
30182,Leon,Potthoff,Senior Engineer,1999-01-01
30465,Randi,Avouris,Senior Engineer,1999-01-01
30484,Sailaja,Chvatal,Staff,1999-01-01
30552,Yishai,Terlouw,Senior Engineer,1999-01-07
30695,Gudjon,Majewski,Senior Engineer,1999-01-01
30938,Yakkov,Samarati,Staff,2000-05-22
31147,Divine,Sidhu,Senior Staff,1999-01-01
31170,Tuval,Waleschkowski,Senior Staff,1988-12-14
31188,Leandro,Gist,Technique Leader,1999-01-01
31207,Abdelwaheb,Dulin,Senior Engineer,1999-01-01
31341,Oksana,Zultner,Senior Staff,1999-01-01
31514,Harngdar,Schapire,Engineer,2001-11-09
31568,Mark,Lalonde,Staff,1999-01-01
31599,Qingxiang,Gewali,Engineer,1998-12-01
31629,Toong,Veldwijk,Engineer,1996-04-26
31909,Murthy,Peek,Engineer,1999-01-01
32347,Terresa,Peres,Senior Staff,1999-01-01
32552,Atreye,Stanger,Assistant Engineer,1999-09-10
32622,Piyush,Paciorek,Staff,1991-08-07
32649,Ingmar,Nannarelli,Senior Staff,1999-01-01
32714,Radoslaw,Maliniak,Staff,1999-01-01
32844,Tadahiko,Melton,Engineer,1999-01-01
33025,Jessie,Thorelli,Senior Staff,1999-01-01
33215,Steen,Fasbender,Technique Leader,1999-01-01
33293,Adamantios,Vanwelkenhuysen,Engineer,2000-08-18
33606,Clyde,Swift,Staff,1996-12-29
33722,Anwar,Collette,Senior Engineer,1999-01-01
34077,Angel,Sichman,Senior Staff,1999-01-01
34261,Kyoichi,Callaway,Senior Staff,1999-01-01
34446,Chinhyun,Bauknecht,Senior Engineer,1999-01-01
34452,Naftaly,Foong,Engineer,2000-05-09
34505,Felicidad,Kumaresan,Staff,2001-09-06
34533,Erzsebet,Shigei,Senior Engineer,1999-01-01
34780,Moni,Kohling,Staff,1999-01-01
34788,Ennio,Babu,Senior Engineer,1999-01-01
34936,Bokyung,Stamatiou,Technique Leader,1999-01-01
35044,Jiang,Waschkowski,Senior Engineer,1999-01-01
35087,Leif,Ashish,Staff,2001-10-14
35441,Chandrasekaran,Peek,Senior Engineer,1999-01-01
35642,Ashish,Talmon,Engineer,2002-06-13
35793,Oscar,Kusalik,Senior Staff,1999-01-01
35798,Ulf,Oberman,Senior Engineer,1999-01-01
36521,Serif,Gladwell,Senior Staff,1999-01-01
36626,Fen,Genin,Senior Staff,1999-01-01
36733,Uma,Reinhard,Staff,1999-01-01
36844,Hailing,Levergood,Staff,1999-01-01
36982,Kotesh,Rajala,Engineer,2000-06-23
37070,Jeong,Undy,Senior Staff,1999-01-01
37592,Berni,Stranks,Engineer,1992-09-19
37719,Nakhoon,Buescher,Engineer,1999-01-17
37945,Suzette,Butterworth,Senior Engineer,1999-01-01
38017,Ulf,Himler,Staff,1997-11-28
38043,Michaela,Randi,Senior Engineer,1999-01-01
38103,Masasuke,Babu,Senior Engineer,1999-01-01
38168,Fumiko,Deverell,Senior Staff,1999-01-01
38550,JoAnne,Baez,Senior Engineer,1999-01-01
38593,Huei,Orsini,Senior Engineer,1999-01-01
38947,Shuichi,Ruemmler,Senior Staff,1999-01-01
39000,Martijn,Vendrig,Staff,2002-03-03
39036,Changho,Cappelli,Staff,1999-01-01
39268,Constantijn,Awdeh,Engineer,1990-06-10
39301,Rimon,Kawashima,Senior Staff,1999-01-01
39341,Mahmut,Lampe,Senior Engineer,1999-01-01
39952,Otmar,Sudbeck,Staff,1999-01-01
40269,Toshiki,Ghazalie,Staff,2000-12-04
40283,Sudhanshu,Boissier,Senior Engineer,1999-01-01
40301,Spyrose,Felder,Senior Engineer,1999-01-01
40536,Harngdar,Bernardinello,Senior Engineer,1999-01-01
40648,Wayne,Erev,Staff,1993-02-02
40765,Michaela,Ramsak,Staff,2001-12-21
40773,Shimshon,Aingworth,Senior Staff,1999-01-01
40785,Youpyo,Castellani,Engineer,1999-10-14
40983,Marla,Cherinka,Technique Leader,1999-01-01
41114,Petter,Thummel,Technique Leader,1999-01-01
41137,Bikash,Buchter,Senior Staff,1999-01-01
41357,Willard,Vernadat,Engineer,1999-01-01
41518,Keung,Schapiro,Senior Engineer,1999-01-01
41520,Xiong,Uhrik,Senior Engineer,1999-01-01
41552,Uno,Heyers,Senior Engineer,2001-11-29
41609,Yucai,Simmen,Senior Staff,1999-01-01
42778,Shuji,Remmers,Senior Staff,1999-01-01
42911,Brigham,Eterovic,Engineer,1999-10-08
42950,Shaleah,Eickenmeyer,Senior Staff,1999-01-01
42955,Yucel,Lortz,Engineer,1999-01-01
43154,Maha,Waterhouse,Staff,2002-07-04
43358,Ottavia,Mitsuhashi,Staff,1996-07-13
43733,Huei,Boguraev,Senior Staff,1999-01-01
43848,Phillip,Oxenboll,Engineer,1999-01-01
44054,Alenka,Ritcey,Engineer,1999-01-01
44265,Maria,Eppinger,Engineer,1999-01-01
44540,Mingzeng,Sadowski,Senior Engineer,1999-01-01
44900,Mark,Schwaller,Staff,2001-08-10
44959,Volkmar,Uhrik,Senior Engineer,1999-01-01
44962,Sariel,Wynblatt,Assistant Engineer,1999-01-01
45162,Dulce,Speel,Senior Engineer,1999-01-01
45590,Masoud,Genin,Technique Leader,1994-06-01
46000,Zhaofang,Penn,Staff,2002-07-24
46015,Weiye,Masand,Staff,2002-01-29
46222,Mrinalini,Strooper,Staff,1992-09-04
46328,Wuxu,Trogemann,Senior Staff,1999-01-01
46531,Yaghout,Peng,Assistant Engineer,1997-10-07
46811,Junsik,Berendt,Senior Engineer,1999-01-01
46834,Tooru,Daescu,Senior Staff,1999-01-01
46943,Pasqua,Maraist,Senior Engineer,1999-01-01
47016,Toong,Litecky,Senior Staff,1999-01-01
47139,Marco,Usdin,Engineer,1999-01-01
47262,Gonzalo,Binkley,Senior Engineer,1999-01-01
47515,Naraig,Jenevein,Senior Engineer,1999-01-01
47702,Juyoung,Vieri,Staff,1999-08-12
47708,Edwin,Haldar,Senior Staff,1999-01-01
48275,Sariel,Massonet,Senior Staff,1999-01-01
48690,Hitomi,Schaap,Staff,1999-01-01
48882,Leen,Lamparter,Engineer,2001-06-07
48904,Yuichiro,Malabarba,Staff,1999-03-07
48947,Filipp,Akaboshi,Senior Staff,1999-01-01
49010,Kazuhisa,Benantar,Senior Staff,1999-01-01
49017,Filipp,Flanders,Engineer,1999-11-26
49119,Lena,Peek,Senior Engineer,1999-01-01
49177,Tze,Bach,Engineer,1999-01-01
49464,Siddarth,Cappelletti,Staff,1999-01-01
49477,Baocai,Leaver,Senior Staff,1999-01-01
50293,Xinan,Rindone,Engineer,1999-01-01
50311,Mooi,Stafford,Senior Engineer,1999-01-01
50360,Sumali,Kushner,Engineer,2001-10-29
50453,Aron,Harbusch,Staff,1999-01-01
50587,Slavian,Yemenis,Technique Leader,1994-11-18
50670,Boguslaw,Snedden,Senior Staff,1999-01-01
50831,Marie,Khalid,Senior Engineer,1999-01-01
51036,Chriss,Fasbender,Staff,1999-01-01
51057,Theirry,Albarhamtoshy,Senior Staff,1999-01-01
51060,Youngkon,Rohrbach,Senior Engineer,1999-01-01
51118,Fumiko,Mundy,Staff,2001-08-20
51142,Rosine,Lakshmanan,Senior Engineer,1999-01-01
51502,Slavian,Munawer,Senior Staff,2001-09-04
51868,Remmert,Munke,Assistant Engineer,1998-05-19
52038,Chikako,Armand,Senior Engineer,1999-01-01
52040,Phule,Heijenga,Senior Staff,1999-01-01
52283,Trygve,Krupka,Staff,2001-03-11
52386,Adas,Denti,Senior Staff,1999-01-01
52590,Jouni,Munoz,Staff,2000-11-25
52599,Augustine,Mungall,Senior Engineer,1999-01-01
52639,Arup,Colorni,Senior Staff,1999-01-01
52770,Shugo,Yurek,Senior Staff,1999-01-01
52778,Alain,Penn,Technique Leader,1999-01-01
52956,Khalil,Picci,Senior Engineer,1999-01-01
52970,Lobel,Werthner,Senior Engineer,1999-01-01
53088,Mechthild,Lamma,Senior Engineer,1993-06-03
53278,Premsyl,Lortz,Staff,1999-02-01
53314,Eberhardt,Carrera,Staff,1999-01-01
53431,Sham,Vasanthakumar,Senior Staff,1999-01-01
53499,Zdislav,Mandelberg,Engineer,2000-09-10
53597,Jiafu,Marchegay,Senior Engineer,1999-01-01
53746,Manu,Erva,Staff,1993-04-29
53874,Bodo,Schade,Senior Staff,1999-01-01
53891,Olivera,Pargaonkar,Staff,1992-03-29
53924,Arnould,Gaughan,Senior Engineer,1999-01-01
54198,Shaowen,Segond,Senior Engineer,1999-01-01
54632,Etsuo,Serot,Senior Staff,1999-01-01
54795,Sumant,Nergos,Staff,2000-05-07
54800,Breannda,Cangellaris,Staff,1999-01-01
55121,Toshiko,Alblas,Engineer,1996-07-23
55640,Adit,Syrotiuk,Engineer,1999-07-16
55670,Ulf,Ranft,Senior Staff,1996-05-17
55687,Shih,Lindqvist,Senior Engineer,1999-01-01
55799,Jianwen,Litzler,Senior Engineer,1999-01-01
55857,Adin,Scallan,Senior Staff,1999-01-01
56105,Makato,Remmers,Senior Engineer,1999-01-01
56209,Remzi,Douceur,Senior Engineer,1999-01-01
56415,Sigeru,Nivat,Staff,1999-10-24
56428,Olivera,Hanabata,Senior Staff,1999-01-01
56682,Roded,Picco,Assistant Engineer,1999-01-01
56829,Nagui,Gruenwald,Engineer,1999-01-01
56847,Menkae,Chinin,Senior Engineer,1999-01-01
57934,Sanjoy,Boudaillier,Senior Engineer,1999-01-01
57982,Paloma,Benzaken,Senior Staff,1998-09-11
58141,Bezalel,Karner,Staff,1999-01-01
58147,Shigenori,Sullins,Senior Staff,1999-01-01
58217,Kiyotoshi,Kusalik,Engineer,1999-06-26
58384,Mariusz,Vural,Engineer,2001-11-14
58454,Ziya,Zambonelli,Engineer,1999-01-01
58497,Yechiam,Cairo,Senior Staff,1999-01-01
58601,Sungwon,Asser,Staff,2000-04-01
58819,Gennady,Liesche,Senior Staff,1999-01-01
58990,Palash,Trelles,Engineer,1999-01-01
59195,Ronnie,Pollock,Technique Leader,1999-01-01
59329,Zissis,Bazzichi,Staff,1991-01-25
59640,Zita,Hiltgen,Staff,1999-01-01
59661,Saeko,Baik,Staff,1999-08-15
59869,Zsolt,Riefers,Senior Staff,1999-01-01
59966,Steen,Salvesen,Technique Leader,1999-01-01
60000,Heekeun,Emmart,Assistant Engineer,2001-09-22
60091,Surveyors,Bade,Senior Staff,1999-01-01
60238,Erzsebet,Claffy,Staff,1999-01-01
60559,Jeanna,Stemann,Senior Engineer,1999-01-01
60821,Moty,Mersereau,Staff,1999-09-03
60845,Bedir,Siegrist,Engineer,1999-01-01
60875,Rildo,Masaki,Senior Engineer,1999-01-01
60959,Tetsushi,Sridhar,Senior Staff,1999-01-01
61147,Leszek,Werthner,Staff,1999-01-01
61253,Cheong,Uhrik,Engineer,2001-06-04
61377,Dannz,Ohori,Senior Staff,1999-01-01
61541,Kasidit,Papsdorf,Engineer,1999-08-17
61680,Hauke,Templeman,Staff,1999-02-21
61873,Woody,Rusmann,Assistant Engineer,2002-02-26
61983,Sastry,Reeken,Staff,1992-05-17
62033,Heeju,Cappelli,Senior Engineer,1999-01-01
62046,Karlis,Nanard,Engineer,2001-09-19
62167,Mihalis,Haldar,Senior Engineer,2001-02-03
62245,Adel,Bressoud,Engineer,1999-01-01
62384,Akeel,Litzler,Senior Staff,2001-12-21
63294,Tetsushi,Tanemo,Engineer,2002-03-01
63419,Hiroyasu,Seuren,Senior Engineer,1999-01-01
63441,Hinrich,Scallan,Staff,1999-01-01
63444,Padma,Peres,Senior Staff,1994-12-22
63566,Heekeun,Slaats,Senior Staff,1999-01-01
63631,Falguni,Cherinka,Senior Engineer,1999-01-01
63706,Sedat,Itzigehl,Engineer,1999-01-01
64023,Laurentiu,Benzmuller,Senior Engineer,1999-01-01
64209,Golgen,Schoegge,Senior Staff,1999-01-01
64431,Faiza,Zongker,Technique Leader,2001-12-03
64487,Tsutomu,Rebaine,Senior Engineer,1999-01-01
64532,Atilio,Segond,Senior Engineer,1999-01-01
64632,Zsolt,Brender,Senior Staff,1999-01-01
64790,Shin,Piveteau,Senior Engineer,1999-01-01
64828,Krister,Pappas,Staff,1999-01-01
64984,Eldridge,Eldridge,Senior Engineer,1999-01-01
65013,Chandrasekaran,Peral,Senior Engineer,2001-12-14
65171,Jeane,Tasistro,Technique Leader,1999-01-01
65539,Aksel,Picaronny,Senior Engineer,1999-01-01
65883,Patricia,Pepe,Senior Staff,1999-01-01
65998,Mandell,Alameldin,Senior Staff,1999-01-01
66382,Domenico,Candan,Engineer,1999-01-01
66530,Dung,Leaver,Staff,1999-01-01
66643,Jianhao,Tomescu,Engineer,1999-01-01
66702,Deniz,Thibadeau,Engineer,2000-09-26
66757,Yonghong,Baig,Staff,1999-01-01
66807,Aiman,Rosaz,Engineer,1999-05-22
67320,Sadok,Lorys,Senior Staff,1999-01-01
67548,Fumitaka,Roohalamini,Staff,1999-01-01
67934,Aiman,Gargeya,Senior Engineer,1999-01-01
68022,Kristinn,Pearson,Staff,1999-06-26
68168,Marl,Thiria,Senior Staff,1996-12-31
68263,Fumiko,Bodoff,Staff,1993-07-11
68416,Munenori,Debuse,Senior Engineer,1999-01-01
68608,Yucai,Seghrouchni,Senior Engineer,1999-01-01
68633,Chinhyun,Rassart,Senior Engineer,1999-01-01
68648,Jaques,DiGiano,Technique Leader,1999-01-01
69052,Shietung,Shrader,Senior Staff,1999-01-01
69219,Shuky,Redmiles,Senior Staff,1999-01-01
69867,Miyeon,Rothe,Senior Staff,1999-01-01
69878,Chinya,Cooke,Engineer,1999-01-01
69936,Lalit,Unni,Assistant Engineer,1999-01-01
70469,Tru,Miyakawa,Senior Staff,1999-01-01
70780,Behnaam,Angelov,Assistant Engineer,1999-07-20
70990,Arumugam,Nitta,Senior Engineer,1999-01-01
71066,Domenick,Basart,Staff,2001-01-04
71141,Sajjad,Vitiello,Senior Staff,1999-01-01
71188,Pranjal,Schapiro,Senior Staff,1999-01-01
71243,Kinh,Buchter,Senior Engineer,1999-01-01
71334,Cathie,Peck,Senior Engineer,1999-01-01
71685,Kristinn,Olano,Senior Engineer,1999-01-01
71710,Hitomi,Takanami,Assistant Engineer,1999-01-01
71745,Adil,Laventhal,Assistant Engineer,2001-05-13
72190,Sajjad,Waeselynck,Engineer,1999-01-01
72194,Feiyu,Siepmann,Senior Engineer,1999-01-01
72232,Naraig,Veldwijk,Senior Engineer,1999-01-01
72640,Honglan,Hutton,Senior Engineer,1999-01-01
72918,Takahira,Szilard,Senior Staff,1999-01-01
73076,Froduald,Feldhoffer,Senior Engineer,1999-01-01
73233,Shigeo,Merey,Senior Engineer,1999-01-01
73516,Qingxiang,Badache,Senior Engineer,1999-01-01
73743,Anneke,Bernardeschi,Engineer,1999-01-01
73794,Aiichiro,Castellani,Engineer,1987-08-19
73903,Bartek,Cappello,Engineer,1993-01-02
74200,Holgard,Weiland,Senior Engineer,1999-01-01
74237,Jaihie,Vilarrasa,Engineer,2001-06-20
74344,Hiroyasu,Provine,Engineer,1999-01-01
74598,Kolar,Garigliano,Senior Staff,1999-03-07
74668,Masako,Bonifati,Senior Staff,1999-01-01
74800,Yuuichi,Conde,Engineer,1999-03-08
75113,Zissis,Birch,Senior Engineer,2000-07-15
75354,Shuky,Jakobus,Senior Engineer,1999-01-01
75420,Clyde,Vrecion,Engineer,2000-09-14
75703,Kyoichi,Erman,Engineer,2001-07-25
75760,Jahangir,Radhakrishnan,Technique Leader,1993-12-29
75888,Marsal,Otillio,Staff,1999-09-16
76178,Chiradeep,Meriste,Senior Engineer,1997-06-25
76189,Kolar,Hinsberger,Senior Engineer,1999-01-01
76201,Arif,Preusig,Senior Engineer,1999-01-01
76417,Parviz,Duclos,Senior Engineer,1993-12-31
76598,Keung,Ferriere,Engineer,1995-10-08
76640,Tristan,Mitsuhashi,Engineer,2000-07-12
76847,Mariusz,Weiland,Senior Engineer,1994-11-09
77030,Faiza,Garnham,Technique Leader,1999-01-01
77157,Tesuro,Nicolson,Staff,1999-10-20
77303,Xinglin,Birge,Staff,2001-03-05
77647,Niranjan,Schaaf,Technique Leader,1999-01-01
77815,Ronghao,Picaronny,Assistant Engineer,2002-06-09
78086,Fabrizio,Anick,Staff,1998-05-02
78106,Ashish,Ratnaker,Senior Staff,1999-01-01
78171,Teiji,Hinsberger,Senior Staff,2002-05-18
78363,Susumu,Fritzsche,Engineer,1999-01-01
78469,Leucio,Cappelli,Staff,1999-01-01
78871,Conor,Ghandeharizadeh,Senior Engineer,1999-01-01
79043,Katsuo,Hockney,Technique Leader,1999-01-01
79171,Guiseppe,Ellozy,Senior Engineer,1999-01-01
79190,Tsuneo,Servi,Staff,2001-06-02
79239,Denny,Griswold,Senior Engineer,2001-11-19
79310,Jeong,Cunliffe,Senior Staff,1999-01-01
79606,Arnd,Peir,Senior Engineer,1999-01-01
79640,Marl,Litzkow,Staff,1993-10-22
79722,Make,Remmers,Staff,1998-08-08
79763,Sanjoy,Barreiro,Senior Staff,1999-01-01
79895,Fei,Murtagh,Senior Staff,1999-01-01
80067,Kazuhisa,Weiland,Senior Staff,1999-01-01
80203,Shakhar,Baik,Staff,1999-01-01
80432,Stella,Figueira,Senior Staff,1999-01-01
80656,Kwan,Gide,Engineer,2001-07-01
80731,Shaowen,Eldridge,Senior Staff,1999-01-01
80745,Rimli,Huttel,Staff,1996-11-29
80850,Koldo,Luit,Engineer,2001-04-15
80889,Shigeo,Linnainmaa,Senior Engineer,1999-01-01
80948,Harjit,Bardell,Senior Engineer,1999-01-01
81105,Jaewon,Boissier,Senior Engineer,1999-01-01
81162,Marco,Klerer,Senior Engineer,2001-02-02
81545,Larisa,Kornyak,Technique Leader,1999-01-01
81619,Gen,Aloisi,Senior Engineer,2002-07-25
81644,Divine,Ghandeharizadeh,Staff,1999-01-01
81995,Sreekrishna,Brender,Senior Engineer,1999-01-01
82069,Yechezkel,Perfilyeva,Engineer,2000-11-02
82098,Poornachandra,Wilharm,Senior Engineer,1999-01-01
82351,Stevo,Thambidurai,Senior Staff,1999-01-01
82511,Uwe,Koblick,Engineer,1999-01-01
82919,Shigeu,Claffy,Engineer,1999-01-01
82928,Alselm,Rikino,Senior Engineer,1999-01-01
83280,Francesca,Ellozy,Senior Engineer,1999-01-01
83289,Shigeichiro,Engelmann,Engineer,2000-01-09
83509,Breannda,Collavizza,Senior Engineer,1999-01-01
83544,Leaf,Baak,Staff,2001-09-05
83714,Ohad,Kilgore,Senior Engineer,1999-01-01
83805,Manohar,Harllee,Senior Engineer,1999-01-01
83922,Shunichi,Solovay,Senior Engineer,1998-11-18
83941,Zsolt,Hagimont,Staff,2001-10-08
84029,Babette,Eugenio,Staff,1999-01-01
84163,Zejun,Roisin,Senior Staff,2002-01-16
84179,Shuichi,Nanard,Senior Engineer,1999-01-01
84236,Eberhardt,Barriga,Senior Staff,1999-01-01
84256,Denny,Cheshire,Staff,1992-08-08
84315,Kristina,Baumann,Assistant Engineer,1999-01-01
84451,Shiv,Aumann,Senior Engineer,1999-01-01
84494,Janalee,Loncour,Staff,1987-09-04
84508,Tommaso,Vidya,Engineer,1999-01-01
84840,Sverrir,Neimat,Staff,1999-01-01
84922,Parke,Unno,Engineer,1999-01-01
84942,Shin,Fujisaki,Technique Leader,1999-01-01
85216,Ferdinand,Rosiles,Senior Staff,1999-01-01
85288,Younwoo,Luders,Engineer,2002-03-31
85414,Chiradeep,Callaway,Staff,1999-01-01
85445,Yongdong,Pollock,Staff,1999-01-01
85702,Udi,Merks,Engineer,1999-01-01
85874,Pasqua,Taubman,Senior Staff,1999-01-01
86213,Kristine,Clemencon,Senior Staff,1999-01-01
86324,Maia,Berstel,Senior Engineer,2002-01-13
86354,Ronghao,Segond,Senior Engineer,1999-01-01
86422,Jaewon,Thummel,Senior Staff,1999-01-01
86546,Oldrich,Woycyznski,Senior Engineer,1999-01-01
86655,Zhenhua,Lorys,Engineer,1999-01-01
86672,JoAnne,Anido,Staff,1999-01-01
87129,Keung,Neiman,Staff,1999-01-01
87353,Quingbo,Coombs,Senior Engineer,1999-01-01
87458,Mikhail,Gimbel,Senior Staff,1999-04-29
87714,Khun,Janetzko,Engineer,1999-01-01
87729,Yongmin,Roccetti,Senior Staff,1999-01-01
87783,Conor,Thorensen,Senior Engineer,1999-01-01
88103,Goo,Bresenham,Senior Staff,1999-01-01
88357,Manohar,Karcich,Staff,2000-08-22
88411,Lena,Cannane,Engineer,1999-01-01
88422,Jungsoon,Birsak,Technique Leader,1999-01-01
88647,Vasiliy,Ratnaker,Engineer,1999-01-01
88958,Vojin,Coombs,Staff,2002-07-23
88965,Mang,Hedayat,Engineer,1999-01-01
89048,Otmar,Birjandi,Senior Engineer,1999-01-01
89090,Tetsushi,Theuretzbacher,Senior Staff,1999-01-01
89161,Conal,Yetto,Staff,1999-01-12
89207,Along,Erol,Staff,1999-10-17
89346,Mansur,Comyn,Engineer,1999-01-01
89487,Kazuhira,Seiwald,Engineer,1999-03-24
89590,Guther,Rothenberg,Staff,2000-08-07
89664,Pranjal,Rossi,Staff,1999-01-01
89680,Aiman,Mawatari,Senior Engineer,1999-01-01
89806,Xiadong,Shinomoto,Engineer,2002-05-24
89922,Alexius,Ibel,Senior Engineer,1999-01-01
89941,Arnould,Weedman,Senior Staff,1999-01-01
90077,Vivian,Guerreiro,Engineer,1999-01-01
90084,Renny,Bale,Senior Engineer,1999-01-01
90116,Brigham,Luiz,Assistant Engineer,1995-06-10
90211,Bader,Denis,Engineer,1999-01-01
90292,Koichi,Assaf,Senior Engineer,1999-01-01
90366,Magy,Eiron,Senior Staff,2002-03-03
90518,Fumiko,Chepyzhov,Senior Staff,1999-01-01
90614,Yonghoan,Trogemann,Engineer,1999-01-01
90692,Rajmohan,DasSarma,Senior Staff,1999-01-01
91172,Kazuhisa,Melter,Senior Staff,1999-01-01
91182,Lucien,Schwartzburd,Senior Engineer,1999-01-01
91229,Yahiko,Hebden,Engineer,2001-10-03
91256,Gunilla,Milicic,Staff,1999-01-01
91308,Remmert,Plumb,Senior Engineer,1995-12-08
91333,Lobel,Stafford,Staff,1999-01-01
91415,Jamaludin,Nilsson,Senior Staff,1999-01-01
91462,Siamak,Janocha,Engineer,1998-03-21
91648,Dmitry,Msuda,Senior Staff,1999-01-01
91934,Nikolaus,Swen,Engineer,2002-07-03
91973,Jianwen,Jakobus,Senior Engineer,2001-02-12
92438,Aria,Kilgore,Senior Engineer,1999-01-01
92443,Girolamo,Bellmore,Senior Staff,2000-04-27
92454,Visit,McFarlan,Senior Engineer,1999-01-01
92577,Zhanqiu,Farrow,Assistant Engineer,1999-01-01
92598,Ranga,Merro,Assistant Engineer,1999-01-01
92685,Mang,Atchley,Senior Staff,1999-01-01
92841,Claude,Candan,Senior Staff,1999-01-01
92846,Anyuan,Kropatsch,Senior Staff,1999-01-01
92920,Huei,Hutter,Engineer,2000-01-29
93040,Jaques,Kabayashi,Senior Engineer,1999-01-01
93220,Richara,Walston,Senior Engineer,1999-01-01
93278,Magdalena,Penn,Engineer,2002-01-04
93549,Arie,Coullard,Senior Staff,1999-01-01
93600,Kristina,Neimat,Technique Leader,1999-01-01
93794,Rimli,Werthner,Senior Engineer,2000-12-30
94045,Gift,Brender,Senior Engineer,2000-01-02
94131,Bernardo,Vasanthakumar,Staff,1997-07-20
94331,Ramzi,Cronau,Technique Leader,1999-01-01
94416,Aran,Cesareni,Senior Staff,1999-01-01
94442,Bilhanan,Marrakchi,Staff,2000-10-12
94690,Kazuyasu,Sridhar,Staff,2001-12-03
94761,Hitofumi,Zaccaria,Senior Engineer,1999-01-01
94787,Shigenori,Stanfel,Staff,1999-12-11
94944,Heping,Matheson,Senior Engineer,1999-01-01
95181,Yishai,Cappelli,Staff,1999-01-01
95286,Kristin,Guerreiro,Senior Engineer,1999-01-01
95314,Rasiah,Koblick,Staff,1999-08-21
95406,Alair,Lyonns,Engineer,1999-01-01
95416,Gianluca,Ramaiah,Engineer,1999-01-01
95509,Kristinn,Loncour,Engineer,1999-01-01
95692,Abdulah,Hofstetter,Engineer,2000-07-24
95920,Nobuyoshi,Hegner,Staff,2001-09-07
96100,Pranay,Rebaine,Senior Engineer,2000-12-31
96571,Kokou,Garrabrants,Senior Engineer,1999-01-01
96579,Mohan,Tasistro,Engineer,1999-01-01
96767,Arumugam,Vecchio,Senior Engineer,1999-01-01
97018,Jeanna,Chinen,Senior Engineer,1999-01-01
97092,Anwar,Riexinger,Senior Engineer,2000-01-09
97623,Haldon,Janetzko,Senior Staff,1999-01-01
97661,Avishai,Hegner,Staff,2002-05-08
97697,Moie,Karunanithi,Senior Engineer,2000-12-15
98288,Sumali,Huttel,Senior Staff,1999-01-01
98306,Ziya,Kadhim,Senior Engineer,1999-01-01
98514,Giao,Junot,Staff,2002-02-25
98639,Florina,Assaf,Staff,1999-01-01
99057,Shugo,Reeken,Staff,1999-01-01
99373,Xiaobin,Christianini,Senior Staff,1999-01-01
99377,Carrsten,Francisci,Senior Engineer,1999-01-01
99590,Dhritiman,Anily,Staff,1999-01-01
99654,Mahendra,Motley,Senior Staff,1999-01-01
100865,Hisao,Peral,Senior Engineer,1999-01-01
100877,Kazuhide,Harnett,Engineer,1999-02-13
100916,Heejo,Aamodt,Engineer,2001-04-22
101063,Nectarios,Munos,Senior Engineer,1995-08-14
101487,Abdelaziz,Sury,Staff,1999-01-31
101647,Mori,Homond,Staff,2000-05-09
101902,Mantis,Millington,Senior Staff,1999-01-01
102620,Adin,Templeman,Engineer,1999-01-01
103166,Waiman,Dalton,Senior Engineer,2002-02-09
103172,Doowon,Highland,Senior Engineer,1995-11-23
103196,Djenana,Albarhamtoshy,Senior Staff,1999-01-01
103310,Visit,Swen,Staff,2000-10-01
103316,Susanne,Peternell,Engineer,1999-07-27
103342,Beshir,Hellwagner,Engineer,1999-01-01
103756,Heping,Halloran,Assistant Engineer,2001-04-08
104133,Pranjal,Zyda,Senior Staff,1999-01-01
104845,Werner,Lodder,Senior Staff,1999-01-01
104962,Zongyan,Auyong,Engineer,1991-12-22
104988,Parviz,Litzler,Engineer,1999-08-09
105191,Jaber,Kleiser,Engineer,1987-09-22
105342,Kwun,Reeker,Technique Leader,1999-01-01
105356,Diederik,Matzov,Senior Engineer,1999-01-01
105432,Mohamadou,Stafford,Engineer,2000-09-11
105520,Haldun,Lienhardt,Senior Staff,1999-01-01
105589,Yechiam,Egerstedt,Engineer,1999-07-18
105731,Sachem,Cromarty,Engineer,1999-01-01
105936,Vidar,Thibadeau,Staff,1999-09-15
106096,Naftali,Schurmann,Engineer,1999-12-03
106242,Nevio,Thisen,Senior Staff,1999-01-01
106514,Otilia,Speek,Senior Engineer,1992-11-07
106695,Lijie,Garrabrants,Senior Staff,1999-01-01
106710,Babette,Anandan,Senior Staff,1999-01-01
106958,Horward,Begiun,Senior Engineer,2002-05-22
107486,Siamak,Luiz,Senior Engineer,1999-01-01
107737,Fabrizio,Chleq,Senior Engineer,1999-01-01
107792,Shahab,Crooks,Staff,2001-03-18
107828,Ramya,Walston,Senior Staff,1999-01-01
108091,Hisao,Ghemri,Senior Staff,1999-01-01
108198,Randi,Samarati,Staff,1999-10-21
108316,Shai,Stellhorn,Senior Engineer,1999-01-01
108988,Oksana,Baek,Senior Staff,1999-01-01
109062,Jamaludin,Kandlur,Senior Engineer,1999-01-01
109211,Gor,Delgrande,Engineer,2001-11-06
109252,Moty,Winter,Technique Leader,1999-01-01
109278,Bangqing,Schach,Senior Staff,1999-01-01
109547,Chenye,Zizka,Senior Staff,2002-04-21
109552,Menkae,Etalle,Assistant Engineer,2002-05-21
109553,Xiaobin,DuBourdieux,Staff,1988-05-11
109598,Stamatina,Auyong,Senior Staff,1999-01-01
109611,Jamaludin,Lalonde,Staff,1998-08-24
109620,Mani,Cannata,Senior Staff,1999-01-01
109652,Huan,Perko,Senior Staff,1999-03-12
109703,Arco,Walston,Engineer,1999-01-01
109741,Hatem,Fadgyas,Senior Engineer,1999-01-01
109953,Godehard,Chorvat,Senior Staff,1999-01-01
200052,Slavian,Cincotta,Senior Engineer,1997-07-07
200176,Shahab,Luit,Senior Staff,1997-02-05
200267,Chuanti,Luff,Staff,2000-09-20
200312,Akemi,Fujisaki,Senior Engineer,1999-01-01
200363,Kirk,Quaggetto,Senior Engineer,1999-01-01
200735,Dinah,Denos,Staff,2001-09-21
200789,Susumu,Camurati,Senior Staff,1999-01-01
201180,Odinaldo,Bridgland,Assistant Engineer,1995-06-16
201229,Alejandra,Khasidashvili,Staff,1999-01-01
201708,Anneli,Perl,Staff,2000-09-08
201709,Fan,Kakkad,Senior Staff,1999-01-01
201739,Genta,Terekhov,Assistant Engineer,1999-01-01
201801,Waiman,Genin,Senior Engineer,1999-01-01
201915,Sudharsan,DeMori,Senior Engineer,1999-01-01
202031,Annemarie,Peternell,Engineer,1997-06-05
202291,Ortrun,Schmiedel,Engineer,1999-01-01
202403,Gully,Perko,Engineer,1999-01-01
202414,Zvonko,Murthy,Senior Staff,1999-01-01
202552,Morris,Saoudi,Senior Engineer,1999-01-01
202581,Dharmaraja,Merlo,Staff,1990-12-16
202826,Kerhong,Matzke,Senior Engineer,1999-01-01
202882,Isaac,Koshino,Senior Engineer,1999-01-01
202950,Giordano,Pietrzykowski,Senior Staff,1999-01-01
203474,Hugh,Jonsson,Senior Staff,1999-01-01
203495,Zongyan,Gips,Technique Leader,1999-01-01
203599,Ewing,DiGiano,Technique Leader,1999-01-01
203697,Claude,Kemmerer,Engineer,2001-05-07
203720,Sasan,Thimonier,Senior Staff,1999-01-01
203946,Yefim,Marwedel,Staff,1999-03-30
204117,Jessie,Nooteboom,Staff,1999-01-01
204133,Susuma,Bergere,Senior Staff,1999-01-01
204246,Arve,Worfolk,Senior Staff,1999-01-01
204425,Gretta,Huttel,Senior Engineer,1999-01-01
204470,Hein,Lichtner,Staff,2001-04-02
204471,Franziska,Maginnis,Senior Engineer,1999-01-01
204764,Susanne,Mandelberg,Senior Engineer,1999-01-01
205018,Yahiko,Awdeh,Engineer,1999-01-01
205085,Moni,Kornyak,Technique Leader,1999-01-01
205174,Leszek,Spinelli,Staff,1999-01-01
205362,Masasuke,Makinen,Staff,1997-06-01
205500,Mary,Setiz,Senior Engineer,1999-01-01
205627,Stabislas,Broder,Engineer,2001-07-16
205660,Kien,Barreiro,Staff,1999-01-01
205699,Youjian,Yetto,Staff,2000-12-06
205789,Limsoon,Skafidas,Senior Staff,1999-01-01
205863,Aiichiro,Kusalik,Senior Engineer,1999-01-01
206372,Temple,Joslin,Engineer,1996-04-24
206748,Yucai,Fabrizio,Staff,1999-01-01
206836,Guadalupe,Pfau,Staff,2001-03-22
206865,Vasilii,Cochrane,Senior Engineer,2001-04-23
206966,Tzu,Sichman,Senior Engineer,1999-01-01
207021,Jacqueline,Akaboshi,Engineer,1999-01-01
207068,Zhiguo,Ariola,Senior Staff,1999-01-01
207204,Kellie,Schrooten,Assistant Engineer,1999-01-17
207401,Shuji,Barbanera,Senior Staff,1999-01-01
207551,Baziley,Falck,Assistant Engineer,1999-01-01
207779,Chinya,Kamble,Senior Staff,1999-01-01
207980,Remko,Vieth,Staff,1999-11-22
208147,Manu,Rothenberg,Senior Engineer,1999-01-01
208330,Shen,Flanders,Senior Staff,1999-01-01
208639,Larisa,Lukaszewicz,Senior Staff,1999-01-01
208653,Phillip,Schade,Senior Engineer,1999-01-01
208784,Pranjal,Juneja,Senior Engineer,1999-01-01
209101,Xinyu,Edelhoff,Senior Engineer,1999-01-01
209443,Krassimir,Garnier,Senior Staff,1999-01-01
209456,Adhemar,Leonhardt,Engineer,1999-12-30
209565,Dante,Covnot,Senior Staff,1999-01-01
209681,Tianruo,Bratten,Senior Staff,1998-04-03
209712,Nimmagadda,Baak,Engineer,1999-01-01
209945,Roded,Veevers,Engineer,1996-01-08
210017,Shalesh,Lovengreen,Senior Staff,1999-01-01
210292,Lihong,Zeilberger,Staff,1999-01-01
210449,Gino,Lagarias,Engineer,1999-01-01
210529,Adam,Besancenot,Senior Staff,1995-02-04
210610,Arco,Crouzet,Engineer,2000-09-30
210752,Saniya,Stenning,Senior Staff,1999-01-01
210786,Werner,Ranze,Staff,1999-01-01
211569,Zhonghua,Snyers,Senior Staff,1999-07-18
211858,Domenico,Ratnaker,Senior Engineer,1999-01-01
211879,Gao,Ranze,Engineer,1999-11-24
211967,Anwar,Bain,Senior Engineer,1999-01-01
212074,Tomokazu,Byoun,Engineer,2002-04-08
212093,Leni,Henders,Staff,1999-11-19
212131,Debatosh,Rajala,Staff,1994-04-22
212154,Sailaja,Holburn,Senior Staff,1999-01-01
212361,Claudi,Stanfel,Engineer,2001-01-06
212703,Kien,Bennis,Engineer,1998-03-14
212810,Qingxiang,Swan,Senior Staff,2002-03-13
213016,Yongmao,Fontan,Senior Engineer,1999-01-01
213140,Tru,Danecki,Staff,1999-01-01
213384,Pranas,Narwekar,Senior Engineer,1999-01-01
213447,Armond,Perly,Senior Engineer,1999-01-01
214184,Sivanarayana,Ranka,Engineer,2001-05-03
214215,Xiaoqiang,Cardazo,Senior Staff,1999-01-01
214391,Rayond,Klassen,Staff,1999-09-11
214427,Peer,Molberg,Engineer,1999-01-01
214539,Ingmar,Kohling,Engineer,1999-01-01
214634,Shirish,Vickson,Senior Engineer,1999-01-01
214789,Arfst,Chepyzhov,Senior Engineer,1999-01-01
214807,Prasadram,Qiwen,Engineer,1997-11-25
214866,Gopalakrishnan,Angel,Engineer,2002-07-05
214995,Dinkar,Hoppenstand,Engineer,1999-01-01
215419,Flemming,Kroha,Staff,1999-01-01
215629,Munehiro,Manders,Senior Staff,1999-01-01
215746,Sven,Speer,Staff,1999-01-01
215843,Pramod,Loncour,Senior Staff,1999-01-01
216054,Sahrah,Angiulli,Senior Staff,1999-01-01
216062,Shuichi,Anick,Senior Engineer,1999-10-26
216246,Francoise,Rullman,Staff,2000-01-12
216342,Aiichiro,Cromarty,Engineer,2000-06-09
216375,Byong,Gustavson,Senior Engineer,1999-01-01
216502,Xiaocheng,Suermann,Engineer,1999-01-01
216573,Ashish,Vidya,Senior Engineer,1999-01-01
216921,Lena,Lenart,Senior Staff,1999-01-01
217026,Otmar,Engberts,Senior Staff,1999-01-01
217080,Masami,Puoti,Senior Engineer,1999-01-01
217272,Yuchang,Eldridge,Senior Staff,1999-01-01
217286,Yannik,Spelt,Technique Leader,1999-01-01
217320,Abdelwaheb,Denis,Engineer,1999-01-01
217363,Horward,Marzano,Staff,1999-01-01
217387,Jianhao,Molenaar,Senior Engineer,1999-01-01
217551,Panayotis,Lukaszewicz,Senior Engineer,1999-01-01
217800,Shay,Servieres,Senior Staff,1999-01-01
218022,Mokhtar,Poupard,Technique Leader,1999-01-01
218100,Jiong,Garnham,Staff,1999-01-02
218299,Almudena,Genin,Senior Staff,2001-11-06
218829,Eckart,Foong,Staff,1996-01-28
218831,Unal,DuBourdieux,Engineer,1999-01-01
219035,Kristine,Bierman,Technique Leader,1999-01-01
219047,Aemilian,Kusalik,Senior Engineer,1999-01-01
219052,Marsal,Acton,Staff,1999-01-01
219417,Subhrajyoti,Denna,Staff,1999-01-01
219497,Moie,Zastre,Technique Leader,1999-01-01
219967,Susanna,Reeken,Senior Staff,1999-01-01
220029,Demos,Asser,Senior Engineer,1999-01-01
220131,Reinhard,Slaats,Engineer,1999-06-08
220418,Poorav,Laventhal,Staff,1999-01-01
220528,Sibyl,Rabehasaina,Senior Staff,1999-01-01
220582,Poornachandra,Zielinski,Staff,2001-02-12
220611,Yuping,Babb,Staff,2002-01-31
220625,Shigenori,Deville,Technique Leader,1999-01-01
220699,Nahid,Gyimothy,Staff,1999-01-01
220799,Perla,Orlowska,Senior Engineer,1999-01-01
221126,Tesuya,dAstous,Senior Engineer,1999-01-01
221367,Saddek,Farris,Senior Staff,1999-01-01
221369,Abdulah,Pocchiola,Engineer,1999-01-01
221435,Djenana,Marrevee,Engineer,2000-02-06
221699,Szabolcs,Georgatos,Engineer,2000-02-06
221973,Sangeeta,Kalefeld,Senior Staff,1999-01-01
222206,Stein,Uludag,Senior Staff,1999-01-01
222311,Miyeon,Billingsley,Senior Engineer,1999-01-01
222319,Matt,Chvatal,Senior Engineer,1999-01-01
222354,Valdiodio,Schlumberger,Assistant Engineer,2001-08-07
222616,Badri,Schapire,Assistant Engineer,1999-01-01
222701,Lein,Delaune,Senior Staff,1991-09-14
222770,Kazuhiko,Kushner,Senior Engineer,1999-01-01
222878,Annemarie,Zallocco,Senior Engineer,1999-01-01
222926,Limsoon,Erol,Senior Engineer,1999-01-01
222952,Gopalakrishnan,Suermann,Senior Engineer,1999-01-01
222998,Leaf,Awdeh,Senior Staff,1999-01-01
223593,Hidefumi,Moehrke,Staff,1999-01-01
223595,Chiranjit,Dredge,Technique Leader,1999-01-01
224135,Annemarie,Bressoud,Engineer,1999-01-01
224335,Perry,Chachaty,Senior Engineer,1999-01-01
224390,True,Shobatake,Senior Staff,1999-01-01
224934,George,Miake,Senior Staff,1999-01-01
225438,Remmert,Quaggetto,Senior Staff,1999-01-01
225601,Masasuke,Genin,Assistant Engineer,1999-06-25
225788,Ipke,Kieras,Engineer,1999-01-01
225867,Ramalingam,Remmele,Senior Engineer,1999-01-01
225964,Mooi,Cooman,Senior Engineer,1999-01-01
226216,Giordano,Gini,Technique Leader,1999-01-01
226227,Herbert,Erva,Senior Engineer,1999-01-01
227354,Gio,Murtha,Senior Engineer,1999-01-01
227476,Macha,Schnabel,Senior Engineer,1999-01-01
227681,Mikhail,Rousseau,Staff,1999-01-01
227899,Garnik,Luce,Staff,1999-01-01
227901,Francesca,Azuma,Staff,2001-06-08
228098,IEEE,Kroll,Engineer,1999-01-01
228248,Yuriy,Plump,Senior Staff,1999-01-01
228554,Bilhanan,Brendel,Senior Staff,1999-01-01
228575,Takanari,Pelc,Engineer,1992-09-25
228766,Nahla,Smailagic,Senior Engineer,1999-01-01
229098,Berry,Yurek,Senior Staff,1999-01-01
229207,Filipe,Erol,Senior Engineer,1999-08-15
229220,Fabrizio,Lichtman,Senior Engineer,1999-01-01
229248,Harjit,Terekhov,Staff,1999-01-01
229352,Kwangho,Petereit,Engineer,2000-05-06
229364,Dulce,Magliocco,Staff,1987-02-23
229386,Pohua,Tasistro,Technique Leader,1999-01-01
229391,Paloma,Henseler,Senior Engineer,1999-01-01
229404,Gilbert,Kilgour,Staff,1999-01-01
229547,Moni,Schach,Senior Staff,1999-01-01
229690,Mokhtar,Sherertz,Senior Staff,1995-11-08
229727,Ewing,Millington,Engineer,1999-01-01
229981,Jamaludin,Fordan,Engineer,2001-02-05
230002,Tadahiro,Backhouse,Engineer,1999-10-02
230126,Bezalel,Radivojevic,Senior Staff,1999-01-01
230287,Renny,Alameldin,Assistant Engineer,1999-01-01
230354,Yinghua,Lorho,Staff,2000-08-08
230498,Kolar,Puppo,Senior Engineer,1999-01-01
230579,Shahar,Negoita,Staff,2000-03-18
230689,Dietrich,Crabtree,Senior Staff,1999-01-01
230821,Toshiki,Raney,Staff,2000-03-21
230865,Takushi,Brattka,Staff,1999-01-01
231043,Torsten,Slobodova,Assistant Engineer,2000-04-01
231069,Trygve,Siksek,Staff,1999-01-01
231459,Nectarios,Pramanik,Assistant Engineer,1999-01-01
231671,Chandrasekaran,Pearson,Staff,1999-01-01
231798,Goetz,Alvarado,Senior Engineer,1999-01-01
232178,Etsuo,Anandan,Senior Staff,1999-01-01
232209,Nitsan,Rouquie,Senior Engineer,1999-01-01
232458,Nikolaus,Yetto,Staff,1992-08-22
232496,Peternela,Klerer,Staff,1994-06-08
232697,Barry,Ramsak,Engineer,1999-09-07
232723,Tesuya,Bugrara,Assistant Engineer,2002-02-13
233114,Alselm,Gargeya,Senior Engineer,1999-01-01
233247,Murthy,Angiulli,Senior Engineer,1998-07-21
233394,Khalid,Lenart,Engineer,1999-01-01
233397,Fay,Sundgren,Senior Staff,1999-01-01
233426,Etsuo,Usery,Engineer,2000-03-01
233533,Seongbae,Sluis,Senior Staff,1997-06-10
233690,Cedric,Riefers,Engineer,1999-01-01
233759,Zissis,Lodder,Engineer,1999-01-01
233765,Kotesh,Chachaty,Senior Engineer,1999-01-01
233785,Baziley,Ballarin,Senior Staff,1999-01-01
233818,Kellie,Heydon,Senior Engineer,1999-01-01
234195,Luerbio,Terkki,Senior Staff,1999-01-01
234278,Tzu,Impagliazzo,Staff,1993-12-05
234739,Foong,Aamodt,Senior Engineer,1999-01-01
235017,Irena,Dratva,Staff,1999-09-07
235096,Sverrir,Gyimothy,Senior Staff,1999-01-01
235269,Keiichiro,Feldmann,Staff,1998-12-30
235325,Gro,Prochazka,Senior Engineer,1999-01-01
235368,Anneli,Joslin,Senior Engineer,1999-01-01
235458,Gio,Heuser,Staff,1999-06-29
235546,Tianruo,Speer,Staff,1989-03-26
235729,Henk,Anger,Staff,2002-01-19
235780,Sampalli,Bergere,Senior Engineer,1999-01-01
235793,Jayesh,Spinelli,Senior Engineer,1999-01-01
236315,IEEE,Raczkowsky,Technique Leader,1999-01-01
236559,Berna,Nanard,Senior Engineer,1991-03-18
236566,Yechezkel,Maginnis,Staff,2000-12-11
236591,Insup,Reinhard,Senior Staff,1999-01-01
236827,Almudena,Rijckaert,Engineer,1999-02-16
236883,Huan,Olivero,Staff,1999-01-01
236964,Adel,Foote,Staff,1999-01-01
237289,Brendon,Fritzsche,Staff,1999-12-18
237400,Guadalupe,Perri,Technique Leader,1999-08-21
237590,Annemarie,Irland,Staff,1996-09-04
238112,Miomir,Frezza,Technique Leader,1999-01-01
238252,Uno,Suppi,Staff,1999-01-01
238422,Vishv,Angelov,Senior Staff,1999-01-01
238949,Minghong,Cronin,Senior Staff,1999-01-01
239067,Tadahiko,Pocchiola,Staff,1999-01-01
239244,Abdulla,Kitai,Senior Staff,1999-01-01
239415,Susumu,Brender,Engineer,2001-04-17
239426,Vesna,Fairtlough,Engineer,1999-01-01
239581,Guangming,Marquardt,Staff,2001-03-21
239664,Sugwoo,Michaels,Engineer,1999-08-03
239706,Arunas,Bugrara,Assistant Engineer,1999-01-01
239748,Bilhanan,Dusink,Senior Staff,1999-01-01
239803,Oscal,Ernst,Senior Staff,1999-01-01
240011,Heather,Luef,Technique Leader,1992-07-14
240132,Mizuhito,Kobara,Staff,2001-08-09
240236,True,Tischendorf,Senior Engineer,1999-01-01
240253,Shrikanth,Ramaiah,Engineer,2000-10-15
240285,Kolar,Greenaway,Staff,1999-01-01
240340,Mack,Staylopatis,Senior Engineer,1999-01-01
240438,Temple,Cyre,Staff,1999-10-01
240870,Francesca,Chorvat,Senior Staff,1999-01-01
241100,Cedric,Molenaar,Engineer,1999-10-06
241254,Jagoda,Anguita,Senior Engineer,1999-01-01
241292,Uri,Lampe,Senior Staff,1999-01-01
241567,Emran,Miara,Senior Engineer,1999-01-01
241667,Atilio,Olivero,Senior Engineer,1999-01-01
241728,Limsoon,Boudaillier,Senior Engineer,1999-01-01
241872,Bluma,Fetvedt,Senior Staff,1999-01-01
241917,Wuxu,Poupard,Staff,1995-09-25
241952,Maya,Anandan,Staff,1997-11-07
242019,Herb,Murrill,Senior Engineer,1999-01-01
242081,Tomokazu,Pargas,Assistant Engineer,2001-11-15
242104,Richara,Sudkamp,Senior Staff,1999-01-01
242237,Hidde,Papsdorf,Senior Staff,1998-11-23
242314,Miyeon,Burnard,Engineer,1985-12-13
242500,Bingning,Iisaku,Senior Staff,1999-01-01
242611,Frazer,Flanders,Engineer,2000-09-25
242800,Kazuyasu,Levergood,Engineer,1999-01-01
242867,Paddy,Nittel,Engineer,2000-04-14
243018,Bowen,Deverell,Senior Staff,1999-01-01
243077,Kazunori,Perz,Senior Engineer,1999-01-01
243576,Abdulah,Lodder,Staff,2001-11-10
243637,Marjo,Delgrange,Senior Staff,1999-01-01
243898,Arch,Basawa,Staff,1999-01-01
244308,Mokhtar,Rebaine,Staff,2000-07-22
244605,Masoud,Suwa,Senior Staff,1999-01-01
244624,Boaz,Seuren,Senior Staff,1999-01-01
244711,Rosli,Butner,Engineer,1999-01-01
244714,Poorav,Clouatre,Senior Engineer,1999-01-01
244820,Shigenori,Hertweck,Senior Engineer,1999-01-01
244873,Arunachalam,Oppitz,Senior Staff,1999-01-01
245164,Filipp,Winter,Engineer,2001-10-24
245396,Gift,Bottner,Staff,2002-03-04
245664,Manohar,Kilgore,Staff,1999-01-01
246146,Zhongwei,Melski,Senior Engineer,1999-01-01
246244,George,Casperson,Staff,1999-01-01
246364,Alper,Tiemann,Engineer,1999-01-01
246764,Shuzo,Czaja,Staff,1999-01-01
246798,Tianruo,Strooper,Staff,1999-10-28
246902,Shih,Shanbhogue,Staff,1999-01-01
247089,Seongbae,Schahn,Senior Staff,1999-01-01
247122,Xiaobin,Narlikar,Staff,1999-02-14
247447,Tzu,Bakhtari,Engineer,1999-03-18
247456,Masako,Bahk,Engineer,1999-01-01
247612,Chiranjit,Constantine,Engineer,1999-01-01
247875,Xiong,Anick,Senior Staff,1999-01-01
247888,Abdelghani,Lagarias,Senior Engineer,1999-01-01
248094,Valeska,Lupu,Staff,2002-04-06
248256,Sajjan,Falby,Staff,1999-01-01
248351,Jaana,Milicia,Senior Staff,1999-01-01
248758,Snehasis,Muhlberg,Staff,1999-07-16
248953,Percy,Sudbeck,Assistant Engineer,1999-01-01
249239,Hideyuki,Decleir,Senior Engineer,1999-01-01
249325,Ute,Pokrovskii,Staff,1999-01-01
249433,Ayonca,Matzov,Senior Engineer,1999-01-01
249451,Gopalakrishnan,Pehl,Engineer,2001-06-10
249504,Dmitry,Velardi,Engineer,2000-02-29
249780,Nechama,Gaughan,Senior Engineer,1999-01-01
249799,Jolita,Neimat,Engineer,1999-12-27
249866,Steen,Gubsky,Senior Staff,1999-01-01
249969,Georgi,Luiz,Engineer,1999-06-10
250411,Ranga,Sommen,Senior Staff,1999-01-01
250452,Alexius,Plavsic,Senior Engineer,1999-01-01
250748,Kish,Turnbull,Senior Engineer,1999-01-01
251166,Hinrich,Hooghiemstra,Senior Staff,1999-01-01
251233,Yucel,Bernini,Senior Engineer,1999-01-01
251301,Pintsang,Impagliazzo,Senior Staff,1999-01-01
251341,Divier,Kumaresan,Senior Staff,1999-01-01
251403,Utpal,DuBourdieux,Technique Leader,1999-01-01
251437,Shichao,Iwayama,Engineer,1999-01-01
251645,Bezalel,Tsunoo,Staff,2001-06-17
251680,Moty,Sommen,Senior Engineer,1999-01-01
251814,Mitsuyuki,Zockler,Technique Leader,1999-01-01
252185,Chaosheng,Conta,Assistant Engineer,2002-04-14
252241,Zito,Alvarado,Senior Staff,2000-09-18
252316,Gill,Niizuma,Engineer,1999-10-08
252318,Keung,Simmel,Technique Leader,2002-06-24
252392,Sanjeeva,Peron,Engineer,1999-12-26
252592,Sachem,McDermid,Senior Engineer,1987-12-02
253029,Thodoros,Thimonier,Engineer,1999-01-01
253707,Insup,Hainaut,Staff,1999-01-01
253838,Stafford,Terlouw,Assistant Engineer,1999-01-01
253893,Huiqun,Trystram,Senior Engineer,1999-01-01
254044,Gunilla,Brendel,Engineer,2000-04-10
254399,Armond,Lores,Technique Leader,1999-01-01
254591,Mamdouh,Lodder,Staff,1991-12-09
254787,Mohan,Chepyzhov,Senior Engineer,1996-05-26
254821,Tonny,Couchot,Staff,1999-01-01
254916,Serenella,Couchot,Senior Staff,2001-04-13
255466,Huan,Roccetti,Senior Engineer,1999-01-01
255657,Oldrich,Cyre,Senior Engineer,1999-01-01
255779,Heejo,Merle,Technique Leader,1999-01-01
256078,Duke,Picaronny,Staff,1995-04-05
256216,Halsur,Brodal,Engineer,1999-01-01
256837,Bezalel,Jording,Staff,1998-11-19
256856,Hongzue,Barbanera,Senior Staff,1999-01-01
256881,Ioana,Jakobus,Engineer,1999-08-10
256888,Heather,Pehl,Staff,1999-01-01
257062,Stabislas,Pardalos,Senior Engineer,1999-01-01
257378,Pascal,Bernatsky,Senior Staff,1999-01-01
257469,Anyuan,Hanratty,Senior Staff,1999-01-01
257484,Shaowei,Nicolson,Senior Staff,1999-01-01
257624,Adhemar,Dalphin,Senior Staff,2000-08-26
257799,Sushant,Riefers,Senior Engineer,1998-01-08
258028,Mountaz,Reinhart,Engineer,1999-01-01
258124,Mariusz,Zolotykh,Senior Staff,1999-01-01
258363,Tayeb,Veevers,Staff,1991-05-24
258376,Jaber,Falco,Engineer,1995-10-11
258470,Weiwu,Butner,Staff,1999-01-01
258643,Przemyslawa,Esposito,Engineer,2001-02-26
259042,Xiaoqiang,Farrow,Staff,1999-01-01
259237,Palash,Gammage,Senior Staff,1999-01-01
259273,Xiahua,Gomatam,Senior Engineer,1999-01-01
259611,Shuichi,Marrakchi,Senior Staff,1999-01-01
259619,Conal,Magliocco,Senior Staff,1999-01-01
259718,Stepehn,Bouloucos,Senior Staff,1999-01-01
260083,Kwok,Journel,Staff,1999-02-27
260153,Mingdong,Baar,Technique Leader,1999-01-01
260249,Vugranam,Beausoleil,Staff,1999-01-01
260361,Reinhold,Rahier,Engineer,1999-01-01
260399,Hatem,Birsak,Senior Staff,1999-01-01
260408,Sasan,Brookner,Staff,2001-09-03
260501,Dzung,Pargas,Technique Leader,1999-01-01
260545,Fei,Rebaine,Senior Engineer,1999-04-19
261184,Masako,Kornatzky,Senior Engineer,1999-01-01
261631,Jianhua,Huttel,Engineer,1999-01-01
261662,Berni,Assaf,Senior Staff,1999-01-01
261737,Mark,Lindqvist,Senior Engineer,1999-01-01
261986,Gila,Ramsak,Senior Engineer,1999-01-01
261990,Volkmar,Czaja,Senior Staff,1999-01-01
262154,Wonhee,Vrecion,Senior Engineer,1996-08-28
262208,Mrinalini,Holburn,Senior Staff,1999-01-01
262210,Chinho,Bottner,Engineer,1999-07-30
262328,Mayuko,Vural,Staff,1999-01-01
262439,Lorien,Lagarias,Senior Staff,1999-01-01
262440,Subbu,Kaiserswerth,Assistant Engineer,1999-03-08
262548,Jixiang,Loncour,Engineer,2001-02-20
262636,Tamiya,Reutenauer,Senior Engineer,1999-01-01
262741,Izaskun,Moffat,Senior Staff,2001-08-14
262752,Pramod,Bierman,Engineer,1999-01-01
262861,Kayoko,Attimonelli,Senior Staff,1999-01-20
262928,Piyush,Gill,Senior Engineer,1999-01-01
263012,Hideo,Buchter,Staff,1999-01-01
263186,Danny,Lowrie,Technique Leader,1999-01-01
263325,Dinkar,Sinicrope,Staff,1985-12-22
263370,Shakhar,Ranze,Staff,1999-01-01
263439,Atreye,Kabayashi,Senior Engineer,1999-01-01
263645,Mingsen,Lally,Senior Engineer,1999-01-01
263649,Mechthild,Zongker,Senior Staff,1999-01-01
263721,Abdulah,Horswill,Engineer,2000-11-14
263926,Fusako,Schwartzbauer,Senior Staff,1999-01-01
264001,Khalil,Mapelli,Senior Engineer,1992-04-06
264030,Zdislav,Solares,Engineer,1999-01-01
264167,Baoqiu,Tomescu,Senior Engineer,1999-01-01
264322,Leandro,Swist,Senior Staff,1999-01-01
264626,Noritoshi,Bakhtari,Senior Staff,1999-01-01
264715,Siddarth,Luke,Staff,1994-07-06
264939,Bogdan,Bahi,Senior Engineer,1999-01-01
265039,Navid,Staudhammer,Staff,2000-10-18
265521,Kensei,Salverda,Engineer,2001-05-25
265558,Susuma,Kleiser,Senior Staff,1999-01-01
265794,Miquel,Halloran,Staff,2002-01-14
265875,Fan,Marsiglia,Senior Engineer,1999-01-01
266206,Zsolt,Anily,Senior Staff,1999-01-01
266249,Sumant,Nishimukai,Senior Staff,1999-01-01
266310,Zvonko,Serdy,Senior Staff,1999-01-01
266644,Anwar,Gubsky,Staff,1999-08-09
266689,Parke,Serna,Senior Engineer,1999-09-23
266862,Mart,Plumb,Senior Staff,1999-01-01
266881,Mokhtar,Sabnani,Senior Staff,1999-01-01
266981,Toshimi,Kragelund,Engineer,1994-07-05
267059,Moie,Tempesti,Staff,2000-06-28
267227,Susuma,Tagansky,Engineer,2001-01-21
267304,Jordanka,Axelband,Senior Staff,1999-01-01
267504,Mayuri,Flowers,Staff,2000-11-07
267667,Irena,Kaiserswerth,Senior Staff,1999-01-01
267745,Wojceich,Honglei,Senior Engineer,2000-05-01
268043,Narain,Mikschl,Engineer,1999-01-01
268191,LiMin,Teitelbaum,Senior Engineer,1999-01-01
268890,Somnath,Uhrik,Engineer,1994-12-09
269186,Vitali,Dayang,Technique Leader,1992-10-21
269568,Rimli,Walston,Staff,1999-08-10
269728,Naftali,Kragelund,Senior Staff,1999-01-01
270084,Ulises,Frolund,Senior Staff,1999-01-01
270716,Shunichi,Baer,Staff,1999-01-01
270792,Domenico,Wendorf,Engineer,1992-12-28
270794,Dannz,Zhang,Senior Staff,1999-01-01
270821,Hatem,Bierbaum,Staff,2000-04-11
271106,Taisook,Kampfer,Engineer,1999-01-01
271118,Somnath,Nitsche,Senior Engineer,1999-10-10
271219,Odoardo,Tyugu,Engineer,1999-01-01
271975,Yuchang,Busillo,Engineer,1989-11-14
272141,Tsutomu,Neiman,Senior Staff,1999-01-01
272285,Gully,Mitchem,Senior Staff,1999-01-01
272316,Surveyors,Muhling,Engineer,1999-01-01
272452,Mitsuyuki,Isard,Engineer,1999-01-01
272599,Holgard,Hegner,Senior Staff,1999-01-01
272860,Minghong,Candan,Assistant Engineer,1999-01-01
273159,Divine,Hofmeyr,Technique Leader,1999-01-01
273274,Yolla,Kobara,Engineer,1997-04-16
273286,Brigham,Asmuth,Senior Engineer,1999-01-01
273396,Wayne,Baba,Engineer,1999-01-01
273806,Hongzhu,Beetstra,Staff,2000-01-24
273858,Gunilla,Matzen,Senior Staff,1999-01-01
274071,Mingsen,Weiland,Staff,1999-01-01
274271,Prodip,Ritcey,Senior Staff,1999-01-01
274369,Ranga,Waymire,Senior Staff,1999-01-01
274813,Yefim,Pettey,Staff,2000-08-07
275158,Satyanarayana,Brandsma,Engineer,1999-01-01
275263,Vojin,Laventhal,Engineer,1999-10-18
275444,Limsoon,Leppanen,Engineer,2000-01-22
275495,Shen,Yamaashi,Staff,1999-01-01
275801,Ayakannu,Heinisuo,Senior Staff,1999-01-01
275881,Jiann,Munro,Senior Engineer,1999-01-01
275994,Uma,Prampolini,Senior Engineer,1999-01-01
276027,Holgard,Stavenow,Senior Staff,1999-01-01
276184,Mari,Swick,Senior Staff,1999-01-01
276186,Sajjad,Vecchi,Senior Staff,1999-01-01
276189,Isaac,Klerer,Staff,2000-03-18
276445,Atilio,Randi,Senior Engineer,1999-01-01
276472,Hideyuki,Flanders,Senior Engineer,1999-01-01
276563,Gift,Solares,Senior Staff,1999-01-01
276868,Alois,Sanella,Staff,1999-01-01
276922,Yongmin,Sidje,Engineer,2002-02-20
277316,Vitali,Rothenberg,Senior Staff,1999-01-01
277362,Uzi,Kugler,Senior Staff,1999-01-01
277420,Rayond,Schach,Engineer,2001-04-21
277777,Herbert,Itzigehl,Senior Engineer,1999-01-01
277829,Michaela,Fandrianto,Senior Engineer,1999-01-01
277926,Shaunak,Solovay,Senior Staff,1994-01-13
278239,Boaz,Bottner,Staff,1999-01-01
278386,Caolyn,Poujol,Technique Leader,1999-01-01
278452,Sudhanshu,Toyoshima,Senior Staff,1999-01-01
278484,Koldo,Peternell,Staff,1993-04-06
278536,Munenori,Shobatake,Staff,1999-01-10
278549,Jaana,Werthner,Senior Staff,1999-01-01
278883,Hidefumi,Saoudi,Engineer,1996-05-18
278953,Jeanna,Ghandeharizadeh,Senior Engineer,1999-01-01
279115,Maren,DuCasse,Engineer,1999-01-01
279280,Niranjan,Debuse,Engineer,2001-09-21
279384,Hugo,Comte,Senior Staff,1993-12-05
279791,Chiranjit,Lyonns,Engineer,1999-01-01
280029,Vasilii,Verhaegen,Staff,1991-04-24
280070,Niteen,Ebeling,Senior Staff,1999-01-01
280291,Lenore,Badache,Staff,1999-01-01
280411,Hironoby,Farrar,Technique Leader,1996-11-12
280420,Jahangir,Hofting,Senior Staff,1999-01-01
280525,Kish,Herbst,Staff,1999-01-01
280648,Heeju,Lorys,Senior Engineer,1999-01-01
280836,Ipke,Farrar,Senior Engineer,1999-12-03
281180,Phillip,Fontet,Staff,1998-02-07
281570,Zijian,Covnot,Assistant Engineer,1999-01-01
281692,Khosrow,Sommen,Senior Engineer,1999-01-01
281834,Fumitake,Marchegay,Assistant Engineer,1997-06-12
281848,Parke,Staylopatis,Engineer,1999-07-31
281859,Masanao,Papastamatiou,Senior Engineer,1999-01-01
282000,Hideo,Ratnakar,Senior Engineer,1998-03-20
282191,Alper,Shinomoto,Engineer,1999-01-01
282333,Nahla,Serdy,Staff,2000-09-09
282343,Xinglin,Haldar,Senior Staff,1999-01-01
282547,Nahum,Codenie,Engineer,1999-01-01
282585,Zijian,Lammel,Staff,1999-01-01
282699,Candida,Felcyn,Engineer,2002-05-25
282862,Chenxi,Pusterhofer,Staff,2000-07-12
282894,Fay,Bellmore,Senior Engineer,1999-01-01
283041,Nathalie,Foote,Senior Engineer,1992-06-20
283138,Cullen,Mikschl,Senior Staff,1990-03-11
283168,Sanjai,Kopetz,Assistant Engineer,2000-06-07
284045,Fun,Seiwald,Engineer,2000-02-15
284300,Ishfaq,Mahmud,Senior Staff,1999-01-01
284431,Pintsang,Fujisawa,Staff,2002-04-16
284561,Duri,Beznosov,Senior Engineer,1999-01-01
284687,Oksana,Redmiles,Senior Engineer,1999-01-01
284691,Theron,Ressouche,Senior Engineer,1999-01-01
284711,Martijn,Azevdeo,Senior Engineer,1999-01-01
284717,Gal,Ranta,Senior Engineer,1999-01-01
284856,Moto,Kobara,Senior Engineer,1999-01-01
284954,Anneke,Hammerschmidt,Engineer,1999-01-01
285149,Nahum,Schahn,Senior Engineer,2000-03-15
285164,Xiaocheng,Kumaresan,Staff,1999-01-01
285318,Theron,Ravishankar,Senior Engineer,1999-10-09
285396,Lena,Kohling,Senior Engineer,1999-01-01
285905,Kellyn,Bage,Senior Staff,1999-01-01
285906,Arnould,Buescher,Engineer,1999-01-01
286026,Utpal,Zaumen,Senior Staff,1999-01-01
286029,Jaques,Nanard,Staff,1999-01-01
286370,Toshimitsu,Seuren,Staff,2000-01-19
286452,Behnaam,Bierbaum,Engineer,1999-01-01
286573,Nahum,Nishimukai,Senior Engineer,1999-01-01
286779,Sigeru,Versino,Engineer,1999-01-01
286986,Woody,Trelles,Senior Engineer,1999-01-01
287323,Steve,Dengi,Staff,1999-01-01
287327,Youjian,Felder,Staff,2000-07-15
287334,Elliott,Speer,Engineer,1999-01-01
287436,Sasan,Deville,Technique Leader,2001-04-25
287482,Shigeaki,Gihr,Engineer,2002-03-18
287583,Jovan,Hockney,Senior Engineer,1999-01-01
287609,Sailaja,Negoita,Engineer,2000-01-19
287713,Aamod,Ranka,Senior Staff,1999-01-01
287808,Vidar,Ozeki,Technique Leader,1999-01-01
287822,Mooi,Perfilyeva,Engineer,2000-09-04
287983,Randi,Munos,Senior Staff,1999-01-01
287984,Troy,Kobuchi,Engineer,1999-02-12
288028,Kauko,Narwekar,Senior Engineer,1999-01-01
288134,IEEE,VanScheik,Staff,1993-11-20
288142,Shay,Heystek,Senior Staff,1999-01-01
288166,Masoud,Asmuth,Staff,1999-01-01
288560,Yifei,Birjandi,Staff,1999-02-07
288563,Cristinel,Gerlach,Engineer,2001-01-08
288606,Susumu,Swiss,Senior Staff,1999-01-01
288665,Horward,Khasidashvili,Senior Engineer,1999-01-01
288848,Vivian,Hennebert,Staff,1994-06-11
288893,Bedrich,Rosenbaum,Senior Engineer,1999-01-01
289122,Nikolaus,Akaboshi,Staff,1995-07-04
289454,Bowen,Narwekar,Senior Engineer,1999-01-01
289687,Fai,Maccarone,Senior Staff,1999-01-01
289807,Soenke,Lemarechal,Staff,2000-09-03
289909,Hilari,Vecchio,Senior Staff,1999-01-01
290009,Zijian,Rindone,Senior Staff,1999-01-01
290010,Fox,Lodder,Staff,1994-01-29
290075,Boalin,Byoun,Senior Staff,1999-01-01
290284,Kwangjo,Menhardt,Engineer,1999-01-01
290441,Gregory,Collavizza,Senior Staff,1999-01-01
290467,Shaowen,Poulakidas,Senior Staff,1999-01-01
290478,Tsvetan,Sherertz,Engineer,1999-01-01
290563,Shigehiro,Oxenboll,Senior Engineer,1999-01-01
290769,Lalit,Blokdijk,Senior Engineer,1999-01-01
291349,Constantijn,Rusterholz,Staff,1998-11-13
291352,Danai,Trelles,Technique Leader,1999-01-01
291368,Gita,Rodier,Staff,1994-04-27
291612,Siamak,Gomatam,Engineer,1999-01-01
291669,Faiza,Bach,Engineer,1999-01-01
291755,Ebru,Doering,Assistant Engineer,2001-04-06
291819,Uriel,Georg,Senior Staff,1999-06-22
292110,Menkae,Showalter,Engineer,2001-08-09
292146,Khatoun,Pulkowski,Engineer,1999-01-01
292210,Masaru,Huhdanpaa,Engineer,2001-11-23
292374,Shridhar,Chvatal,Staff,1995-08-27
292404,Hongzue,Zultner,Senior Staff,1999-01-01
292504,Georgi,Bednarek,Engineer,2002-03-02
292515,Bernd,Thummel,Engineer,1999-01-01
292828,Ziya,Tokunaga,Senior Engineer,1999-01-01
292901,Shuky,Journel,Senior Engineer,1995-04-27
293080,Hideyuki,Slaats,Senior Staff,1999-01-01
293154,Syozo,Maliniak,Senior Staff,1999-01-01
293280,Moti,Steenbeek,Senior Engineer,1999-01-01
293329,Fumiya,Griswold,Senior Engineer,1999-01-01
293746,Sanjay,Litecky,Engineer,2000-08-26
293752,Jungsoon,Bail,Senior Staff,1999-01-01
294144,Takanari,Ermel,Staff,1999-01-11
294241,Marl,Fiebach,Staff,2000-07-25
294446,Claudi,Ruemmler,Staff,1999-01-01
294461,Siddarth,Rosiles,Senior Engineer,1999-01-01
294527,Ashish,Candan,Senior Staff,1999-01-01
294652,Hironobu,Brodie,Senior Engineer,1999-01-01
294791,Vesna,Lammel,Assistant Engineer,1999-01-01
294857,Caolyn,Ozeri,Senior Engineer,1999-01-01
294996,Tomoyuki,Vigier,Senior Staff,2000-03-08
295030,Fun,Keirsey,Senior Staff,1999-01-01
295236,Kauko,Fujisawa,Senior Engineer,1999-01-01
295254,Xuejun,Pfau,Senior Staff,1999-01-01
295255,Jacopo,Bellone,Technique Leader,1999-01-01
295262,Moon,Pews,Assistant Engineer,1999-01-01
295268,Eben,Calkin,Staff,2001-12-19
295278,Val,Barvinok,Engineer,2000-01-02
295411,Chiranjit,Serot,Staff,1999-01-01
295476,Shawna,Chiodo,Engineer,1999-04-05
295857,Kankanahalli,Ciolek,Senior Staff,1999-01-01
296062,Shaz,Driscoll,Staff,1999-01-01
296303,Mariangiola,Heyers,Technique Leader,1999-01-01
296428,Charmane,Simmen,Senior Staff,1999-01-01
296610,Pranav,Berztiss,Senior Engineer,1996-09-09
296621,Bokyung,Plump,Technique Leader,1989-04-27
296664,Dipayan,Geffroy,Senior Engineer,1999-01-01
296687,Palash,Spieker,Senior Staff,1999-01-01
296718,Kamakshi,Bahl,Senior Engineer,1999-01-01
296962,Wilmer,Luke,Technique Leader,1999-02-15
297008,Boutros,Awdeh,Staff,1988-07-11
297232,Lokesh,Saoudi,Senior Staff,1999-01-01
297243,Tesuya,Mansanne,Senior Staff,1997-06-01
297431,Cathie,Ratnakar,Senior Staff,1999-01-01
297474,Irena,Terkki,Staff,1999-01-01
297804,Vasilis,Ginneken,Engineer,1990-04-08
297905,Marc,Bahl,Assistant Engineer,1999-01-01
297954,Sailaja,Fujisaki,Assistant Engineer,1999-01-01
298339,King,Benzmuller,Senior Engineer,1999-01-01
298479,Kamakshi,Badache,Staff,1999-03-11
298577,Florina,Litecky,Senior Staff,1999-01-01
298953,Zita,Syang,Staff,1999-01-01
299346,Fumitake,Sichman,Senior Staff,1999-01-01
299580,Luisa,Itzfeldt,Engineer,1999-01-01
299718,Denny,Shobatake,Staff,2002-06-22
299737,Patricio,Itzfeldt,Senior Staff,1999-01-01
400046,Hilari,Christ,Senior Staff,1999-01-01
400344,Yishai,Sessa,Engineer,2000-09-30
400358,Angus,Jullig,Senior Engineer,1999-01-01
400683,Kamakshi,Manders,Staff,1999-01-01
400780,Poornachandra,Asser,Engineer,1999-01-01
400796,Bodo,Halevi,Engineer,1999-01-01
401154,Danae,Kragelund,Senior Staff,1999-01-01
401278,Oguz,Schurmann,Engineer,1999-01-01
401333,Martins,Shokrollahi,Senior Engineer,1999-01-01
401364,Pranay,Kambil,Senior Staff,2002-04-06
401420,Florian,Uhrig,Senior Staff,1999-01-01
401574,Yannik,Falco,Technique Leader,1999-01-01
402025,Shigehito,Duclos,Senior Engineer,1999-01-01
402102,Kersti,Granlund,Engineer,1999-01-01
402223,Fai,Breugel,Staff,1999-10-08
402664,Subhada,Janetzko,Senior Engineer,1999-01-01
402718,Jeanna,Rettelbach,Senior Engineer,1999-01-01
402827,Weidon,Pollacia,Senior Staff,1999-01-01
403010,Toshimitsu,Sluis,Senior Engineer,1999-01-01
403237,Muneo,Gunderson,Senior Engineer,1993-09-19
403455,Marko,Velardi,Senior Engineer,2001-08-27
403621,Deborah,Kaminger,Senior Staff,1999-01-01
403644,Krisda,Hainaut,Staff,2000-07-07
403954,Jeanna,Bratten,Senior Engineer,1999-01-01
404018,Valery,Babb,Senior Engineer,1999-01-01
404236,Zengping,Kakkar,Senior Engineer,1999-01-01
404462,Anestis,Setlzner,Senior Engineer,1999-01-01
404573,Eberhardt,Spelt,Staff,1999-01-01
404755,Manu,Junet,Senior Staff,1999-01-01
404788,Basem,Beausoleil,Engineer,1999-01-01
404879,Jeanne,Kaminger,Engineer,1991-04-21
405015,Morris,Fargier,Senior Staff,1999-01-01
405063,Yechezkel,Yurov,Senior Engineer,1999-01-01
405372,Masami,Merro,Senior Staff,1999-08-31
406125,Georgi,Portugali,Technique Leader,1999-01-01
406239,Marek,Tomescu,Engineer,2002-05-15
406249,Naraig,Snyers,Senior Engineer,1992-05-19
406299,Kitty,Kolvik,Engineer,1995-04-29
406537,Martien,Ranum,Senior Engineer,1999-05-18
406564,Parviz,Picco,Engineer,1999-01-01
406714,Malu,Ossenbruggen,Senior Staff,1999-01-01
406847,Alexius,Crouzet,Staff,1999-01-01
407522,Tommaso,Raczkowsky,Staff,1999-01-01
407837,Fei,Erez,Senior Engineer,1999-01-01
408019,Shridhar,Chleq,Senior Engineer,1999-01-01
408114,Geoffrey,Ladret,Engineer,1999-01-01
408163,Irene,Sethi,Senior Engineer,1999-01-01
408417,Tsz,Daescu,Staff,1999-01-01
408435,Bikash,Vilarrasa,Staff,2000-12-29
408437,Uno,Solares,Staff,1999-09-22
408447,Mayuri,Werthner,Staff,1999-08-19
408654,Yongqiao,Cochrane,Senior Staff,1999-01-01
408953,Jolita,Claffy,Senior Engineer,1999-01-01
409112,Sahrah,Mitchem,Senior Staff,2002-05-18
409391,Willard,Verspoor,Engineer,1999-01-01
409712,Etsuo,Andreotta,Senior Engineer,2000-06-23
409798,Dekang,Tsunoo,Technique Leader,1999-01-01
409805,Frazer,Candan,Senior Engineer,1999-01-01
409898,Divier,Ishibashi,Senior Engineer,1999-01-01
410028,Xiadong,McClurg,Senior Staff,1999-01-01
410372,Duri,Mitina,Senior Engineer,1999-01-01
410433,Kazuhisa,Riesenhuber,Senior Engineer,1999-01-01
410592,Tonia,Shigei,Staff,1997-01-12
410616,Gudjon,Kalorkoti,Engineer,1999-04-14
410703,Kitty,Halloran,Staff,2002-01-18
410804,Ronnie,Denos,Senior Engineer,1999-01-01
410881,Koichi,Grabner,Senior Engineer,1999-01-01
411070,Otmar,Brandsma,Senior Engineer,1999-01-01
411082,Martine,Cangellaris,Senior Engineer,1999-01-01
411143,Goncalo,Barbanera,Senior Staff,1999-01-01
411727,Weiwu,Lamma,Staff,2000-11-26
411906,Anneli,Pappas,Engineer,1998-09-19
412315,Geoff,Peck,Staff,1999-03-26
412404,Mitsuyuki,Jeansoulin,Senior Engineer,1999-01-01
412757,Leen,Peak,Engineer,1999-01-01
413098,Hsiangchu,Taubenfeld,Staff,1999-04-17
413205,Mototsugu,Prampolini,Senior Staff,1999-01-01
413554,Elvia,Schwartzburd,Engineer,1995-08-25
413666,Remco,Duclos,Senior Staff,1999-01-01
413729,Harjit,Ernst,Technique Leader,1999-01-01
413831,Mohamadou,Grabner,Senior Staff,1999-01-01
413832,Marco,Jahnichen,Senior Staff,1999-01-01
414027,Tadanori,Msuda,Senior Engineer,1999-01-01
414091,Wuxu,Kuhnemann,Engineer,1999-01-01
414461,Somnath,Bierbaum,Senior Staff,2000-12-22
414543,Bernd,Anick,Senior Engineer,1999-01-01
414551,Elliott,Copas,Engineer,1999-09-13
414662,Ipke,Schneeberger,Senior Engineer,1999-01-01
414714,Chinho,Delgrande,Senior Staff,1999-01-01
414808,Aris,Sambasivam,Senior Engineer,1998-05-20
414814,Dayanand,Wielonsky,Staff,1999-01-01
414897,Juyoung,Willoner,Senior Staff,1999-01-01
414922,Prasadram,Piazza,Senior Engineer,1997-11-04
415187,Juyoung,Peltason,Assistant Engineer,1999-01-01
415234,Ewing,Baak,Engineer,1993-10-19
415338,Shigeo,Emmart,Assistant Engineer,1999-01-01
415363,Conal,Shackell,Senior Staff,1999-01-01
415563,Mrinalini,Bierbaum,Senior Engineer,1999-01-01
416074,Alain,Lieberherr,Senior Engineer,1999-01-01
416383,Nectarios,Itschner,Senior Engineer,1999-01-01
416420,Adamantios,Heemskerk,Senior Staff,1999-01-01
416455,Laurentiu,Morton,Engineer,1999-12-23
416492,Kannan,Meriste,Senior Engineer,1999-01-01
416660,Nathalie,Luke,Senior Engineer,1999-01-01
416720,Tokuyasu,Xiaoshan,Senior Engineer,1999-01-01
416877,Gio,Orsini,Senior Staff,1999-01-01
416892,Shooichi,Vandervoorde,Engineer,1999-01-01
417128,Valeska,Rosenbaum,Senior Engineer,1997-01-13
417435,Bouchung,Zaumen,Senior Staff,1999-01-01
418239,Josyula,Motley,Senior Engineer,1999-01-01
418247,Oscar,Oppitz,Staff,2001-06-29
418298,Arvin,Pusterhofer,Engineer,2002-03-02
418309,Danel,Petereit,Senior Engineer,1999-01-01
418380,Kazuhiko,Gornas,Senior Engineer,1999-01-01
418566,Kazuhide,Snedden,Senior Engineer,1999-01-01
418606,Michaela,Otillio,Engineer,1999-01-01
418689,Gino,Uehara,Senior Staff,1991-04-09
418717,Arunachalam,Magliocco,Senior Staff,1999-01-01
418860,Ymte,Dalton,Senior Staff,1999-01-01
419099,Heon,Broomell,Staff,1999-01-01
419388,Nikolaos,Bamford,Senior Engineer,1997-09-23
419953,Ung,Orlowski,Senior Staff,1999-01-01
420086,Susuma,Kitsuregawa,Senior Engineer,1999-01-01
420476,Mariangiola,Bolsens,Senior Staff,1999-01-01
420557,Mabhin,Eastman,Senior Staff,1999-01-01
420599,Hidde,Riexinger,Senior Engineer,1996-08-20
420681,Atilio,Rajala,Technique Leader,2001-07-27
420694,Frazer,Barbanera,Senior Staff,1999-01-01
420732,Willard,Morrin,Staff,2001-05-27
420759,Raimond,Solovay,Staff,1999-01-01
420765,Shawna,Krider,Senior Staff,1999-01-01
420877,Khosrow,Erez,Senior Staff,1999-01-01
420921,Niranjan,Lamba,Staff,1998-10-10
421022,Shigeaki,Butner,Senior Staff,1999-01-01
421033,Garnik,Randt,Senior Staff,1999-01-01
421039,Aemilian,Zedlitz,Engineer,1993-07-16
421074,Zhaofang,Falster,Staff,1999-06-29
421312,Mariangiola,Bashian,Engineer,1999-01-01
421384,Renny,Bednarek,Senior Staff,1999-01-01
421755,Shichao,Thiria,Engineer,2001-01-10
422146,Kenton,Miara,Engineer,1999-01-01
422263,Abdulah,Remmele,Staff,1996-07-21
422450,Junichi,Rubsam,Senior Engineer,1994-03-11
422783,Jagoda,Uhrig,Engineer,1999-01-01
423038,Takushi,Strehl,Senior Staff,1999-01-01
423204,Uma,Stranks,Senior Staff,1999-01-01
423208,Joydip,Krone,Engineer,1999-01-01
423214,Tsutomu,Tetzlaff,Senior Staff,1999-01-01
423327,Constantijn,Lichtman,Staff,2001-06-26
423350,Heping,Monarch,Senior Staff,1999-01-01
423516,Wojceich,Butterworth,Senior Engineer,2001-10-05
423633,Mariusz,Tokunaga,Senior Engineer,1999-01-01
423993,Seshu,Kolvik,Technique Leader,1999-01-01
424569,Danco,Luff,Engineer,1999-01-01
424584,Kagan,Dredge,Engineer,2000-02-26
424685,Changho,Veevers,Senior Staff,1999-01-01
424714,Nathan,Vendrig,Engineer,1997-03-22
424797,Theron,Itschner,Senior Staff,1999-01-01
424805,Jacqueline,Zallocco,Senior Staff,1999-01-01
424845,Salvador,Peres,Staff,1996-11-17
424930,Xuejun,Reeker,Senior Staff,1999-01-01
424984,Vasilis,Waleschkowski,Engineer,1999-01-01
425437,Moni,Staudhammer,Engineer,1999-01-01
425535,Alagu,Vieri,Senior Staff,1999-01-01
425540,Paddy,Zumaque,Senior Staff,1999-01-01
425757,Yongdong,Jiang,Senior Staff,1999-01-01
425780,Paris,Range,Senior Staff,1999-01-01
425830,Guther,Conia,Engineer,1999-01-01
425875,Jahangir,Kroft,Senior Staff,1999-01-01
426153,Shahaf,Luce,Senior Staff,1999-01-01
426168,Kaijung,Mateescu,Senior Staff,1999-01-01
426228,Supot,Badache,Engineer,1999-01-01
426235,Danco,Rajala,Senior Staff,1999-01-01
426611,Serap,Bahi,Engineer,1990-05-04
426644,Zejun,Broomell,Engineer,2002-01-19
426683,Xudong,Muntz,Engineer,1996-04-02
426706,Karsten,Kawashima,Engineer,1999-03-15
426795,Huican,Lunn,Senior Staff,1999-01-01
426818,Gaurav,Fendler,Senior Staff,1999-01-01
426819,Sandeepan,Kulisch,Engineer,1999-01-01
426824,Gopalakrishnan,Mawatari,Senior Staff,1999-01-01
426958,Weijing,Viele,Senior Engineer,1999-01-01
427313,Utpal,Kemmerer,Senior Staff,1999-01-01
427320,Mamdouh,Ramamoorthy,Senior Engineer,1999-01-01
427332,Feiyu,Hemaspaandra,Staff,1999-01-01
427571,Torsten,Ranta,Senior Engineer,1999-01-01
427659,Mariusz,Ritcey,Engineer,1991-07-01
427776,Jaques,Navazio,Senior Staff,1999-01-01
427805,Haldun,Compeau,Senior Staff,1999-01-01
427823,Jaques,Gecsei,Staff,1999-01-01
427852,Adil,Kieras,Senior Engineer,1999-01-01
428082,Ronghao,Alpin,Staff,2000-09-10
428160,Jamaludin,Kalorkoti,Staff,2001-07-14
428195,Hatsukazu,Rosca,Senior Staff,1999-01-01
428219,Ghassan,Androutsos,Senior Staff,1999-01-01
428235,Chenyi,Demian,Senior Engineer,2000-03-18
428294,Nimmagadda,Kusakari,Engineer,1998-05-14
428917,Theron,Billawala,Engineer,2001-02-16
429040,Bader,Detkin,Staff,1999-07-31
429087,Hugh,Senzako,Technique Leader,1999-01-01
429231,Kazuyasu,Schmiedel,Senior Staff,1999-01-01
429238,Mona,Luck,Senior Staff,1999-01-01
429249,Alassane,Wolniewicz,Senior Engineer,1999-01-01
429316,Seshu,Hiraishi,Staff,2001-08-10
429381,Limsoon,Roohalamini,Senior Staff,1999-01-01
429419,Adas,Chinen,Senior Staff,2002-05-15
429481,Subhada,Emmerich,Engineer,1999-01-01
429520,Yongqiao,Francisci,Engineer,1999-01-01
429532,Bartek,Vendrig,Senior Staff,1999-01-01
429553,Tadanori,Fujisawa,Technique Leader,2000-07-04
429569,Fumiya,Chappelet,Assistant Engineer,1999-09-04
429703,Ung,Honglei,Senior Staff,1999-01-01
429756,Jiann,Hofmeyr,Staff,1997-10-23
429899,Ranan,Marsiglia,Staff,1999-01-01
429954,Renny,Gladwell,Staff,1999-01-01
430054,Erzsebet,Setiz,Senior Engineer,1999-01-01
430558,Xiong,Roisin,Senior Engineer,1999-01-01
430593,Janalee,Lanzelotte,Senior Staff,1999-01-01
430631,Kersti,Marsiglia,Engineer,1999-01-01
430891,Khalil,Gien,Senior Engineer,1999-01-01
430981,Amabile,Koyama,Senior Staff,1993-05-14
431353,Bedir,Reeken,Senior Staff,1998-10-25
431576,Masamitsu,Back,Senior Staff,1999-01-01
431657,Visit,Thiran,Senior Engineer,1999-01-01
431759,Alassane,Ramsay,Engineer,1989-04-12
431882,Hideo,Varman,Engineer,1999-01-01
431887,Poorav,Ranst,Senior Engineer,1999-01-01
432031,Adamantios,Matzat,Senior Staff,1999-01-01
432034,Arfst,Uehara,Senior Staff,1999-01-01
432089,Irena,Gulla,Senior Engineer,2002-01-11
432121,Alair,Straney,Senior Staff,1999-01-01
432257,Kwangjo,Hiltgen,Engineer,1999-01-01
432261,Arve,Bergere,Senior Engineer,1999-01-01
432399,Nitsan,Nollmann,Senior Engineer,1999-01-01
432523,Takahiro,Maquelin,Engineer,1999-01-01
432665,Flemming,Driscoll,Engineer,1999-06-28
432787,Toshiko,Ibel,Senior Engineer,1999-01-01
432890,Nalini,Perly,Senior Engineer,2001-01-15
432956,Qunsheng,Birrer,Senior Staff,1999-01-01
433059,Bojan,Montresor,Staff,1999-01-01
433157,Tomofumi,Serna,Staff,1999-01-01
433260,Make,Olivero,Engineer,1999-01-01
433438,Keiichiro,Miyakawa,Staff,2000-09-12
433465,Wonhee,Benveniste,Senior Staff,1987-03-23
433640,Monique,Baer,Senior Staff,1996-02-13
434384,Greger,Babb,Senior Staff,2002-01-18
434845,Takushi,Skogmar,Senior Staff,1999-01-01
434936,Sahrah,Rosis,Engineer,2000-06-23
435026,Shim,Versino,Senior Engineer,1997-11-20
435042,Brigham,Borstler,Staff,1999-01-01
435060,Moie,Lieblein,Staff,1999-01-01
435181,Kazuhide,Fiutem,Senior Staff,1999-01-01
435226,Yinghua,Panwar,Senior Staff,1996-02-26
435289,Feixiong,Schurmann,Senior Staff,1999-01-01
435305,Berthier,Pramanik,Staff,1999-01-23
435357,Jaques,Standera,Engineer,1998-03-11
435370,Conal,Basart,Senior Staff,1999-01-01
435588,Genta,Pepe,Staff,2002-04-12
435602,Dietrich,Kranzdorf,Staff,2001-10-04
435664,Sham,Chiodo,Senior Engineer,2000-06-16
435774,Olivera,Bharadwaj,Staff,2001-04-01
435791,Hercules,Speer,Engineer,1999-03-07
436558,Subir,Greibach,Senior Engineer,1999-01-01
436797,Ohad,Henders,Senior Staff,1999-01-01
436827,Wojceich,Limongiello,Senior Staff,1999-01-01
436915,Feixiong,Haraldson,Staff,1999-01-01
437276,Dines,DeMori,Senior Staff,1999-01-01
437369,Kazuhide,Biran,Senior Staff,1999-01-01
437395,Sumant,Thambidurai,Staff,2000-01-02
437724,Erez,Luft,Staff,1999-01-01
437870,Kerhong,Lorho,Staff,1999-01-01
438038,Lena,Giaccio,Senior Staff,1999-01-01
438158,Shaw,Varman,Senior Engineer,1999-05-13
438264,Rasikan,Barreiro,Staff,2000-09-26
438557,Lidong,Swist,Engineer,1999-01-01
438723,Charlene,Verspoor,Engineer,2001-11-13
439377,Mari,Plessier,Senior Engineer,1999-01-01
439905,Kousuke,Levasseur,Senior Staff,1999-01-01
439924,Gunilla,Kisuki,Staff,2000-08-13
440325,Douadi,Sullins,Senior Staff,1999-01-01
440435,Sandeepan,Rosti,Senior Engineer,1999-01-01
440450,Tzvetan,Scharstein,Staff,1999-06-16
440642,Snehasis,Kalsbeek,Senior Staff,1999-01-01
440870,Filipp,Hasham,Staff,1999-07-11
440937,Fabrizio,Usery,Staff,1999-10-14
440997,Manton,Schapiro,Senior Staff,2001-01-31
441197,Miquel,Legleitner,Senior Staff,1999-01-01
441536,Chinho,Collette,Senior Engineer,1999-01-01
441651,Aimee,Billawala,Engineer,1995-08-24
441954,Leszek,Marchegay,Engineer,1999-01-01
441965,Claudi,Heijenga,Senior Staff,1999-01-01
442002,Ravishankar,Baig,Staff,2000-03-17
442096,Martijn,DiGiano,Senior Engineer,1999-01-01
442312,Zengping,Cusworth,Senior Engineer,1999-01-01
442490,Navid,Luke,Engineer,1999-01-01
442653,Mona,Hebden,Engineer,1999-01-01
442700,Siddarth,Masada,Staff,1999-01-01
442704,Terresa,Milicia,Engineer,1997-11-21
442898,Aksel,Gire,Engineer,1999-01-01
443108,Christfried,Atrawala,Senior Staff,1999-01-01
443339,Shir,Krone,Staff,1998-09-07
443485,Marke,Klerer,Senior Staff,1999-01-01
443632,Bernd,Conia,Staff,2002-04-25
443841,Shaw,Kading,Staff,2000-07-16
443873,Vatsa,Ramsay,Staff,2002-02-04
444070,Heping,Skrikant,Staff,1999-11-27
444099,Kousuke,Worfolk,Senior Staff,1999-01-01
444208,Irena,Cesareni,Senior Staff,1999-01-01
444228,Xinglin,Busillo,Senior Engineer,1999-06-11
444465,Prasadram,Bultermann,Senior Engineer,1999-01-01
444487,Udi,Rullman,Senior Engineer,1999-01-01
444643,Berna,Schonegge,Staff,1999-01-01
445067,Eldridge,Kawashima,Senior Engineer,1999-01-01
445152,Heping,Peac,Senior Staff,1999-01-01
445201,Randi,Alblas,Staff,2000-01-27
445226,Oscar,Baumann,Senior Engineer,1999-01-01
445456,Apostol,Gruenwald,Engineer,2000-03-18
445514,Tuval,Albarhamtoshy,Technique Leader,1999-10-28
445570,Van,Nations,Technique Leader,1999-01-01
445723,Gaurav,Roison,Senior Staff,1999-01-01
445941,Masako,Dechter,Technique Leader,1999-01-01
445950,Ebru,Valtorta,Senior Engineer,1999-01-01
446121,Fay,Cochrane,Staff,1999-01-01
446306,Hercules,Kabayashi,Senior Engineer,1999-01-01
446424,DAIDA,Nooteboom,Senior Engineer,1999-01-01
446785,Yuping,Papastamatiou,Engineer,1992-01-16
446897,Takahiro,Dalton,Technique Leader,1999-01-01
446959,Aram,Passino,Senior Engineer,1999-01-01
447018,Dannz,Miara,Engineer,2000-12-04
447135,Gennady,Rouquie,Senior Staff,1999-01-01
447191,Dmitri,Rousseau,Engineer,1997-05-26
447232,Aleksander,Schaaf,Staff,2001-05-25
447290,Maria,Miculan,Senior Engineer,1998-05-08
447376,Kirk,Zongker,Staff,1999-01-01
447544,Stabislas,Kakkad,Senior Staff,1999-01-01
447599,Heeju,Kemmerer,Technique Leader,1996-02-15
447613,Paris,Restivo,Senior Engineer,1999-01-01
447877,Make,Heuser,Senior Engineer,1999-01-01
447931,Martijn,Jeong,Staff,1999-12-14
447966,Kamakshi,Hebert,Engineer,2002-01-17
447982,Shiv,Baezner,Senior Engineer,1999-01-01
447999,Shiv,Vilarrasa,Senior Engineer,1999-01-01
448165,Anyuan,Schwaller,Senior Staff,2001-05-06
448769,Mong,Dichev,Technique Leader,1999-01-01
448900,Mart,Talmor,Staff,1999-01-01
448918,Chiradeep,Arlazarov,Senior Engineer,1999-01-01
448994,Haldun,Syang,Staff,1999-01-01
449189,Jahangir,Bernatsky,Senior Staff,1999-01-01
449815,Fumitaka,Quittner,Senior Staff,1999-01-01
449966,Mabry,Knightly,Staff,2001-03-06
449984,Hinrich,Perin,Senior Engineer,1999-01-01
450184,Selwyn,Henseler,Senior Engineer,1999-01-01
450255,Udo,Waymire,Technique Leader,1999-01-01
450309,Gill,Orlowska,Technique Leader,1999-01-01
450371,Eldridge,Pargaonkar,Senior Engineer,1999-09-04
450421,Selwyn,Munoz,Engineer,1992-10-07
450475,Saeed,Bahl,Senior Staff,1999-01-01
450510,Boalin,Tramer,Staff,1993-02-24
450817,DAIDA,Frolund,Senior Engineer,1999-01-01
450888,Sedat,Rande,Staff,2001-03-24
450934,Chanjung,Raoux,Senior Engineer,1999-01-01
450936,Yuriy,Ponthieu,Senior Staff,1999-01-01
451253,Jaihie,Ozeri,Senior Staff,1999-01-01
451272,Jacopo,Krohm,Senior Engineer,1999-01-01
451275,Bedrich,Isard,Senior Staff,1999-01-01
451333,Radhika,Bonifati,Senior Staff,1999-01-01
452137,Subir,Miake,Engineer,2002-07-11
452196,Bartek,Snyers,Senior Staff,2001-05-02
452206,Arra,Esposito,Staff,1999-01-01
452325,Taiji,Berstel,Engineer,2001-12-02
452347,Shigeichiro,Brattka,Staff,2001-07-13
452365,Fei,Gadepally,Engineer,1999-01-01
452956,Gou,Thombley,Senior Engineer,1999-01-01
452957,Alair,Nanard,Staff,1999-01-01
452970,Mari,Fargier,Senior Engineer,1995-12-11
452982,Lobel,Aloia,Senior Staff,1999-01-01
453070,Aran,Rosenbaum,Staff,2000-04-24
453154,Gao,Lally,Staff,1999-01-01
453644,Berni,Takkinen,Senior Staff,1999-01-01
453688,Chinya,Leslie,Engineer,1999-01-01
453723,Arne,Kohling,Senior Engineer,1999-01-01
453760,Ewing,Rajala,Staff,2001-06-21
453790,Fai,Keirsey,Engineer,1999-10-12
453913,Stein,Perng,Senior Staff,1999-01-01
453996,Sugwoo,Weiland,Senior Engineer,1999-01-18
454338,Mohammed,Georg,Engineer,1999-01-01
454378,Gina,Ossenbruggen,Technique Leader,1999-01-01
454736,Nechama,Ermel,Engineer,1999-01-01
454791,Xiaoqiu,Pietracaprina,Senior Engineer,1999-01-01
454825,Kamakshi,Schusler,Engineer,2001-05-24
454994,Mohan,Picht,Engineer,2000-02-24
455113,Manohar,Rothenberg,Staff,2002-06-16
455175,Soenke,Zaumen,Senior Staff,1999-01-01
455243,Khoa,Bahk,Senior Engineer,1998-02-07
455284,Luisa,Baig,Engineer,2002-07-12
455296,Mang,Sundgren,Engineer,1999-07-13
455364,Ranga,Plesums,Senior Staff,1997-05-13
455415,Weiye,Krohm,Senior Staff,2000-02-10
455726,Qiwen,Kriebel,Senior Staff,1999-01-01
455814,Giao,DuCasse,Engineer,1999-07-19
455914,Peer,Angelopoulos,Senior Engineer,1999-01-01
456767,Tetsurou,Schreiter,Senior Staff,1999-01-01
456824,Aloke,Neiman,Technique Leader,1996-07-23
456982,Shounak,Dratva,Senior Engineer,1999-01-01
457070,Gay,Plavsic,Senior Staff,1999-01-01
457146,Jinpo,Heyers,Staff,1999-01-01
457305,Sorina,Lakshmanan,Staff,1999-01-01
457337,Xumin,Beidas,Technique Leader,1999-01-01
457411,Xudong,Peck,Senior Engineer,1999-01-01
457489,Berna,Ranst,Senior Engineer,1999-01-01
457611,Indrajit,Krogh,Engineer,1999-01-01
457653,Yakichi,Naumovich,Technique Leader,1988-07-03
457776,Florian,Siepmann,Senior Engineer,1999-01-01
457813,Foong,Gargeya,Engineer,2000-01-24
457832,Jackson,Zielinski,Senior Engineer,1999-01-01
457938,Arch,Picco,Staff,2000-06-07
458111,Florian,Tramer,Engineer,1999-01-01
458134,Thanasis,Standera,Senior Staff,1999-01-01
458191,George,Atchley,Staff,1999-01-01
458383,Mabhin,Foote,Engineer,1999-01-01
458726,Shahaf,Kitai,Senior Staff,1999-01-01
458790,Ramya,Azadmanesh,Senior Engineer,1999-01-01
458919,Kaijung,Papadias,Engineer,2001-04-12
459172,Val,Rissanen,Assistant Engineer,1999-11-20
459356,Pramod,Wendorf,Engineer,1999-01-01
459429,Mohit,Verhaegen,Staff,1999-05-28
459685,Hirochika,Goldhammer,Engineer,1999-01-01
459846,Yuping,Sethi,Staff,1999-05-21
460131,Adly,Hambrick,Staff,1999-01-01
460691,Munehiko,Gihr,Senior Staff,1999-01-01
460707,Yoshinari,Lanteri,Engineer,2001-12-25
460920,Remzi,Mitzlaff,Senior Staff,1999-01-01
461120,Shietung,Gelosh,Engineer,2001-03-26
461270,Mrinalini,Mawatari,Staff,1999-01-01
461563,Sreenivas,Versino,Senior Staff,1988-12-25
461723,Deborah,Basawa,Assistant Engineer,1993-03-16
461801,Sumali,Cooman,Staff,2000-02-16
462067,Sampalli,Francisci,Senior Staff,2001-10-17
462493,Paloma,Gerlach,Senior Engineer,1999-01-01
462736,Larisa,Murtafg,Staff,1993-06-04
462795,Somnath,Cummings,Staff,2002-07-10
463023,Itzchak,Penn,Staff,1999-01-01
463099,Jinxi,Schmiedel,Senior Staff,1999-01-01
463212,Ramya,Rossi,Senior Engineer,1999-01-01
463472,Jaber,Sethi,Technique Leader,1999-01-01
463495,Alenka,Barriga,Senior Staff,1999-01-01
464284,Huiqun,Henders,Senior Staff,1999-01-01
464303,Abdelghani,Nyrup,Senior Staff,1999-01-01
464526,Berna,Comellas,Staff,2000-02-18
465062,Stafford,Gist,Senior Engineer,1999-01-01
465076,Tokuyasu,Ghelli,Senior Engineer,1999-01-01
465085,Vidar,Gunderson,Senior Staff,1999-01-01
465409,Shahid,Varman,Senior Staff,1999-01-01
465501,Mrinalini,Gire,Staff,2000-11-09
465711,Lakshmi,Frijda,Senior Engineer,1999-01-01
465853,Kwan,Kampfer,Staff,1999-01-01
465874,Herb,Picht,Engineer,1999-01-01
466064,Temple,Danlos,Senior Staff,1999-01-01
466367,Hiroyasu,Strandh,Senior Staff,1999-01-01
466509,Bezalel,Verhoeff,Senior Engineer,1999-01-01
466603,Yechezkel,Nourani,Senior Staff,1999-01-01
466745,Boalin,Birsak,Staff,2000-10-15
466911,Stepehn,Markovitch,Staff,1995-08-07
467176,Przemyslawa,Borovoy,Senior Staff,1999-01-01
467269,Nahum,Lambe,Technique Leader,1999-01-01
467392,Mariusz,Rikino,Engineer,2001-04-12
467441,Margareta,Bondorf,Senior Engineer,1999-01-01
467591,Kiyotoshi,Hennebert,Staff,1999-01-01
467886,Sivanarayana,Chandrasekhar,Senior Staff,1999-01-01
467918,Tsuneo,Skrikant,Staff,1999-01-01
468360,Huei,Saoudi,Technique Leader,1999-01-01
468417,Kamakshi,Huhdanpaa,Engineer,2001-08-26
468659,Ranga,Lemarechal,Senior Engineer,1999-01-01
468763,Sachin,Zlotek,Senior Engineer,1990-08-09
468773,Baziley,Brookner,Engineer,1999-09-22
469104,Nadjib,Comellas,Engineer,2002-04-18
469253,Baruch,Basawa,Engineer,2001-09-17
469269,Weiyi,Codenie,Senior Engineer,1999-01-01
469366,Aiman,Wilfing,Engineer,1999-12-30
469399,Hongzhu,Ruemmler,Engineer,1999-01-01
469527,Halsur,Ibel,Staff,1999-01-01
469529,Neven,Rikino,Senior Engineer,1999-01-01
469735,Arif,Stranks,Senior Engineer,1999-01-01
469805,Chaosheng,Shobatake,Senior Staff,2001-09-15
469867,Hein,Jonsson,Senior Staff,1999-01-01
470456,Reuven,Oehlmann,Senior Staff,1999-01-01
470472,Zhiguo,Staudhammer,Senior Engineer,1999-01-01
471397,Nigel,Zirintsis,Engineer,1999-01-01
471532,Feiyu,Decleir,Technique Leader,1999-01-01
471552,Basem,Lortz,Staff,1999-01-01
471911,Arun,Zaccaria,Engineer,1999-01-01
471939,Kazuhiko,Marshall,Staff,1999-01-01
472052,Godehard,Chinal,Assistant Engineer,1999-01-01
472143,Yahiko,Sommen,Senior Staff,1999-01-01
472238,Jungsoon,Gubsky,Senior Engineer,1999-01-01
472440,Xuejia,Leppanen,Staff,2000-10-25
472790,Zhenbing,Ibel,Senior Engineer,1999-01-01
472950,Weidon,Fordan,Senior Engineer,1999-01-01
473268,Hugo,Sgarro,Senior Staff,1999-01-01
473299,Khaled,Penn,Staff,1999-05-20
473490,Pantung,Reeker,Senior Staff,1999-01-01
473824,Shin,Puoti,Staff,1999-05-09
473940,Avishai,Majewski,Engineer,1999-01-01
474162,Ung,Taubenfeld,Engineer,2001-06-30
474257,Sungwon,Kornyak,Staff,1994-10-23
474331,Sugwoo,Eugenio,Senior Staff,1999-01-01
474372,Monique,Cyre,Senior Staff,1994-10-11
474763,Mayuko,Clouatre,Engineer,1999-01-01
474796,Zongyan,Shackel,Technique Leader,1999-01-01
474918,Rasikan,Khalil,Engineer,1985-03-11
475087,Genevieve,Snedden,Senior Engineer,1999-01-01
475258,Fumiyo,Feinberg,Senior Staff,1999-01-01
475538,Christophe,Leaver,Staff,1999-01-01
475938,Shigeaki,Lanteri,Senior Engineer,1999-01-01
475965,Rimon,Pietracaprina,Senior Engineer,1999-01-01
476055,Girolamo,Schlumberger,Senior Staff,1999-01-01
476122,Khun,Spieker,Engineer,1999-01-01
476327,Reinhold,Binkley,Engineer,2000-05-28
476361,Doohun,Preusig,Technique Leader,1999-01-01
476488,Yuping,Kuhnemann,Technique Leader,1994-07-07
477350,Terresa,Vigier,Staff,1999-01-01
477352,Nikolaos,Lorch,Engineer,2002-03-07
477578,Marit,Paludetto,Senior Engineer,1999-01-01
477969,Bluma,Mundy,Engineer,2000-10-17
478007,Fumino,Narahara,Engineer,2000-09-20
478170,Doowon,Schoegge,Assistant Engineer,2001-05-29
478218,Djenana,Erol,Engineer,1999-01-01
478439,Yuichiro,Bale,Technique Leader,1999-01-01
478768,Arun,Katzenelson,Senior Engineer,1999-01-01
478799,Shaw,Borovoy,Senior Staff,1999-01-01
478833,Pradeep,Valiente,Senior Engineer,1999-01-01
478858,Hidekazu,Perna,Staff,1999-01-01
479024,Ewing,Kalorkoti,Engineer,1999-01-01
479407,Randi,Tomescu,Engineer,2000-11-25
479601,Kayoko,Bahi,Staff,1999-01-01
479695,Masamitsu,Murrill,Staff,2002-06-27
480035,Sukumar,Georg,Senior Staff,1999-01-01
480066,Suebskul,Menhardt,Engineer,1999-07-26
480178,Uinam,Rahier,Senior Staff,1999-01-01
480268,Gaurav,Cheshire,Technique Leader,1999-01-01
480407,Deniz,Bennis,Senior Engineer,1999-01-01
480571,Anoosh,Wielonsky,Engineer,1996-08-01
481050,Weiru,Burnard,Staff,1999-10-15
481148,Gina,Decaestecker,Engineer,1989-05-25
481213,Shigehiro,Haldar,Staff,1999-12-14
481397,Luisa,Chelton,Assistant Engineer,1999-01-01
481399,Amabile,Crelier,Staff,2000-04-07
481467,Margareta,Polajnar,Staff,1996-07-01
481764,Teiji,Marrakchi,Senior Engineer,1999-01-01
481790,Haldun,Erie,Senior Engineer,1999-01-01
481807,Taegyun,Vieri,Senior Engineer,1989-03-03
482278,Sven,Hinsberger,Senior Engineer,1994-07-26
482335,Kwangyoen,Peck,Engineer,1999-01-01
482354,Jayson,Zockler,Staff,1999-01-01
482755,Jouni,Conia,Staff,1999-10-31
482756,Shaowei,Back,Senior Staff,1998-12-21
482885,Shaunak,Brizzi,Engineer,2000-09-01
482905,Aral,Hebden,Senior Staff,1999-01-01
482944,Duke,Journel,Senior Staff,1999-01-01
483213,Phillip,Munch,Technique Leader,1998-04-01
483401,Rosita,Pokrovskii,Senior Staff,1999-01-01
483675,Hausi,Kamber,Senior Engineer,1999-01-01
483825,Marek,Mitchem,Senior Engineer,1999-01-01
483838,Sham,Kavanagh,Assistant Engineer,1999-01-01
483978,Dung,Tanemo,Senior Staff,1999-01-01
484126,Manton,Lueh,Senior Staff,1999-01-01
484142,Perry,Cooman,Senior Staff,1999-01-01
484498,Herbert,Hammerschmidt,Engineer,2001-08-22
484756,Phule,Ruemmler,Senior Engineer,1999-01-01
485253,Gladys,Parhami,Senior Staff,1999-01-01
485489,Keiichiro,Armand,Senior Engineer,1999-01-01
485577,Rafael,Menhoudj,Senior Engineer,1999-01-01
485579,Munehiro,Iwayama,Senior Engineer,1999-01-01
485799,Yoshimitsu,Litvinov,Senior Staff,1999-01-01
485817,Mahmut,Bolotov,Engineer,1999-01-01
486068,Yefim,Bernardeschi,Staff,2001-06-26
486808,Geoffrey,Siochi,Senior Engineer,1999-01-01
486918,Yagil,Remmers,Senior Staff,1999-01-01
486955,Jaber,Feldmann,Engineer,1998-08-05
486956,Matt,Ruemmler,Engineer,1999-01-01
486958,Tonny,Kropf,Senior Engineer,1999-01-01
487008,Zhigen,Raney,Senior Staff,1999-01-01
487505,Uno,Jayawardene,Senior Staff,1999-01-01
487856,Jaewon,Mansanne,Engineer,2000-04-29
487988,Ekawit,Schaft,Staff,1999-05-20
488095,Francoise,Hegner,Senior Staff,1999-01-01
488115,Leah,Luke,Assistant Engineer,1995-09-27
488142,Denis,Narlikar,Senior Staff,1999-01-01
488414,Changho,Gaughan,Engineer,1991-07-13
488482,Kensyu,Tsunoo,Engineer,1999-01-01
488540,Breannda,Maquelin,Senior Staff,1999-01-01
488619,Georgy,Bennis,Engineer,1999-01-01
488632,Irena,Baalen,Staff,2001-02-10
488693,Jiong,Zultner,Senior Engineer,1999-01-01
488707,Mihalis,Remmers,Senior Staff,1999-01-01
488752,Nimmagadda,Baja,Staff,2002-02-09
488788,Wuxu,Garigliano,Senior Staff,1999-01-01
488984,Kendra,Junet,Senior Staff,1999-01-01
489465,Bogdan,Pepe,Engineer,1998-11-06
489755,Matk,Chorvat,Staff,2000-12-29
489756,Kersti,Miculan,Staff,1999-06-10
489928,Satoru,Janetzko,Assistant Engineer,1999-01-01
490240,Kazunori,Orlowska,Staff,2000-10-26
490551,Lalit,Lindqvist,Engineer,1999-01-01
490557,Luise,Vigier,Engineer,2001-07-01
490568,Zita,Reistad,Senior Engineer,1999-01-01
490720,Younwoo,Samarati,Senior Engineer,1999-01-01
491079,Kwangsub,Keirsey,Senior Engineer,1999-01-01
491162,Panayotis,Hempstead,Senior Engineer,1999-01-01
491478,Gill,Varman,Senior Staff,1999-01-01
491494,Saniya,Broomell,Staff,1997-09-02
491596,Charmane,Pargas,Senior Engineer,1999-01-01
491632,Gadiel,Perly,Senior Staff,1999-01-01
492000,Valeska,Cools,Staff,1999-12-16
492052,Udo,Ratnakar,Staff,1999-01-01
492217,Heekeun,Verhaegen,Senior Engineer,1999-01-01
492639,Sanjoy,Porenta,Engineer,1999-01-01
492677,Goetz,McAffer,Senior Engineer,1999-01-01
493031,Hironoby,Jakobus,Senior Staff,1999-01-01
493048,Muzhong,Berztiss,Staff,2001-01-22
493096,Sachem,Msuda,Engineer,1999-01-01
493278,Shaleah,Pileggi,Engineer,1999-10-30
493744,Leni,Kropatsch,Senior Engineer,1999-01-01
494019,Morrie,Iisaku,Staff,1999-05-06
494088,Phule,Dahlbom,Senior Engineer,1999-01-01
494493,Masasuke,Koprowski,Staff,1999-01-01
494978,Bezalel,Himler,Staff,2002-06-12
494995,Yongmao,Pouyioutas,Senior Staff,1999-01-01
495969,Geoffrey,Panienski,Senior Engineer,1998-06-07
496100,Pranjal,Reinhard,Staff,1999-01-01
496970,Giordano,Maquelin,Senior Engineer,1999-01-01
496978,Danco,Debuse,Senior Staff,1999-01-01
497007,Oldrich,Adachi,Engineer,2002-04-03
497174,Sanjiv,Bressoud,Senior Engineer,1999-01-01
497340,Fayez,Keohane,Senior Staff,1999-01-01
497391,Paris,Lieblein,Engineer,1999-01-01
497409,Reinhard,Erde,Engineer,1996-03-13
497660,Gritta,Petereit,Senior Engineer,1994-09-05
497835,Shuho,Laurillard,Technique Leader,1999-01-01
498185,Caolyn,Marciano,Senior Engineer,1999-01-01
498337,Naraig,Docker,Staff,1999-01-01
498456,Geraldo,Gerteisen,Senior Staff,1999-01-01
498635,Florian,Pezzoli,Senior Staff,1999-01-01
498838,Sanjay,Ciolek,Senior Staff,1999-01-01
498845,Arumugam,Pelc,Senior Engineer,1999-01-01
498955,Nechama,Kandlur,Engineer,2002-01-16
499160,Urs,Rande,Staff,1991-03-01
499194,Padma,Delgrange,Senior Staff,1999-01-01
499260,Danae,Honglei,Engineer,1999-01-01
499495,Baoqiu,Kakkar,Engineer,1999-01-01
